ISO-10303-21;
HEADER;
FILE_DESCRIPTION (( 'STEP AP214' ),
    '1' );
FILE_NAME ('MAL223551011E3.STEP',
    '2025-11-16T21:30:41',
    ( '' ),
    ( '' ),
    'SwSTEP 2.0',
    'SolidWorks 2021',
    '' );
FILE_SCHEMA (( 'AUTOMOTIVE_DESIGN' ));
ENDSEC;

DATA;
#1 = DIRECTION ( 'NONE',  ( -0.9659258262890680902, 2.341876692568694626E-14, 0.2588190451025214056 ) ) ;
#2 = CARTESIAN_POINT ( 'NONE',  ( 2.897777478867200163, 2.000000000000000444, 0.7764571353075577775 ) ) ;
#3 = EDGE_CURVE ( 'NONE', #1552, #930, #504, .T. ) ;
#4 = DIRECTION ( 'NONE',  ( -8.673617379884042375E-16, 1.000000000000000000, -0.000000000000000000 ) ) ;
#5 = EDGE_LOOP ( 'NONE', ( #1918, #1970 ) ) ;
#6 = VECTOR ( 'NONE', #1501, 1000.000000000000000 ) ;
#7 = DIRECTION ( 'NONE',  ( 0.9659258262890680902, 0.000000000000000000, -0.2588190451025214056 ) ) ;
#8 = LINE ( 'NONE', #331, #1516 ) ;
#9 = EDGE_LOOP ( 'NONE', ( #598, #1332, #699, #885 ) ) ;
#10 = DIRECTION ( 'NONE',  ( 2.443508913836402395E-16, -1.000000000000000000, -0.000000000000000000 ) ) ;
#11 = DIRECTION ( 'NONE',  ( 0.9659258262890680902, 6.308085367188405032E-16, -0.2588190451025214611 ) ) ;
#12 = ORIENTED_EDGE ( 'NONE', *, *, #208, .T. ) ;
#13 = CARTESIAN_POINT ( 'NONE',  ( 4.328166764095833230, 6.127976464994615569, 1.159728789146701855 ) ) ;
#14 = LINE ( 'NONE', #651, #454 ) ;
#15 = VECTOR ( 'NONE', #1884, 1000.000000000000000 ) ;
#16 = AXIS2_PLACEMENT_3D ( 'NONE', #1595, #1363, #2060 ) ;
#17 = AXIS2_PLACEMENT_3D ( 'NONE', #683, #1640, #2000 ) ;
#18 = DIRECTION ( 'NONE',  ( 1.000000000000000000, 7.228014483236697541E-16, 0.000000000000000000 ) ) ;
#19 = ADVANCED_FACE ( 'NONE', ( #476 ), #1877, .F. ) ;
#20 = CIRCLE ( 'NONE', #218, 2.000000000000002220 ) ;
#21 = CIRCLE ( 'NONE', #359, 2.749999999999998224 ) ;
#22 = UNCERTAINTY_MEASURE_WITH_UNIT (LENGTH_MEASURE( 1.000000000000000082E-05 ), #158, 'distance_accuracy_value', 'NONE');
#23 = DIRECTION ( 'NONE',  ( -1.224646799147353207E-16, 1.000000000000000000, -0.000000000000000000 ) ) ;
#24 = ORIENTED_EDGE ( 'NONE', *, *, #1634, .F. ) ;
#25 = EDGE_CURVE ( 'NONE', #599, #1380, #270, .T. ) ;
#26 = DIRECTION ( 'NONE',  ( 0.9659258262890679791, 1.444447458290468710E-31, -0.2588190451025215721 ) ) ;
#27 = LINE ( 'NONE', #1775, #1147 ) ;
#28 = DIRECTION ( 'NONE',  ( -1.224646799147352961E-16, 1.000000000000000000, -4.279844320860525334E-32 ) ) ;
#29 = EDGE_CURVE ( 'NONE', #879, #437, #138, .T. ) ;
#30 = CARTESIAN_POINT ( 'NONE',  ( 3.863703305156267476, 20.99999999999999645, -1.035276180410084512 ) ) ;
#31 = EDGE_CURVE ( 'NONE', #178, #229, #1727, .T. ) ;
#32 = CARTESIAN_POINT ( 'NONE',  ( 2.656296022294936332, 19.99999999999999645, -0.7117523740319343650 ) ) ;
#33 = ORIENTED_EDGE ( 'NONE', *, *, #1045, .T. ) ;
#34 = CARTESIAN_POINT ( 'NONE',  ( 4.829629131445337009, 7.500000000000000000, -1.294095225512606584 ) ) ;
#35 = CARTESIAN_POINT ( 'NONE',  ( 2.656296022294936332, 19.99999999999999645, 0.7117523740319290360 ) ) ;
#36 = AXIS2_PLACEMENT_3D ( 'NONE', #496, #973, #1456 ) ;
#37 = DIRECTION ( 'NONE',  ( -1.000000000000000000, 0.000000000000000000, 0.000000000000000000 ) ) ;
#38 = DIRECTION ( 'NONE',  ( -1.000000000000000000, -9.678544625497954634E-17, 0.000000000000000000 ) ) ;
#39 = FACE_OUTER_BOUND ( 'NONE', #564, .T. ) ;
#40 = ORIENTED_EDGE ( 'NONE', *, *, #1576, .F. ) ;
#41 = DIRECTION ( 'NONE',  ( -0.2588190451025215721, -3.169619151431775418E-17, 0.9659258262890680902 ) ) ;
#42 = DIRECTION ( 'NONE',  ( -1.000000000000000000, 0.000000000000000000, 0.000000000000000000 ) ) ;
#43 = EDGE_CURVE ( 'NONE', #153, #1341, #1910, .T. ) ;
#44 = TOROIDAL_SURFACE ( 'NONE', #1213, 5.299999999999990052, 0.9999999999999965583 ) ;
#45 = DIRECTION ( 'NONE',  ( 0.5540322932223202823, 0.8191520442889939080, 0.1484525055496842272 ) ) ;
#46 = DIRECTION ( 'NONE',  ( -8.471437808178905977E-17, 1.000000000000000000, -0.000000000000000000 ) ) ;
#47 = AXIS2_PLACEMENT_3D ( 'NONE', #465, #129, #585 ) ;
#48 = AXIS2_PLACEMENT_3D ( 'NONE', #1840, #1677, #94 ) ;
#49 = PRESENTATION_LAYER_ASSIGNMENT (  '', '', ( #1086 ) ) ;
#50 = CARTESIAN_POINT ( 'NONE',  ( 2.656296022294935888, 22.00000000000000000, -0.7117523740319343650 ) ) ;
#51 = ORIENTED_EDGE ( 'NONE', *, *, #830, .F. ) ;
#52 = EDGE_CURVE ( 'NONE', #1861, #1402, #67, .T. ) ;
#53 = AXIS2_PLACEMENT_3D ( 'NONE', #1598, #1278, #1952 ) ;
#54 = DIRECTION ( 'NONE',  ( -8.471437808178905977E-17, 1.000000000000000000, -0.000000000000000000 ) ) ;
#55 = DIRECTION ( 'NONE',  ( -1.224646799147353207E-16, 1.000000000000000000, -0.000000000000000000 ) ) ;
#56 = VERTEX_POINT ( 'NONE', #160 ) ;
#57 = CYLINDRICAL_SURFACE ( 'NONE', #1790, 4.999999999999992006 ) ;
#58 = CARTESIAN_POINT ( 'NONE',  ( 1.734723475976807883E-15, 22.00000000000000000, 0.000000000000000000 ) ) ;
#59 = DIRECTION ( 'NONE',  ( 0.9659258262890682012, 0.000000000000000000, 0.2588190451025212391 ) ) ;
#60 = CARTESIAN_POINT ( 'NONE',  ( 4.153481053042988869, 5.554400028643567744, 1.112921893940836071 ) ) ;
#61 = EDGE_LOOP ( 'NONE', ( #1602, #1025, #1785, #1426 ) ) ;
#62 = CARTESIAN_POINT ( 'NONE',  ( 2.656296022294935888, 22.00000000000000000, 0.7117523740319288139 ) ) ;
#63 = ORIENTED_EDGE ( 'NONE', *, *, #1663, .T. ) ;
#64 = EDGE_LOOP ( 'NONE', ( #536, #853, #2047, #2004 ) ) ;
#65 = LINE ( 'NONE', #1836, #1461 ) ;
#66 = ORIENTED_EDGE ( 'NONE', *, *, #1659, .T. ) ;
#67 = CIRCLE ( 'NONE', #1369, 0.9999999999999970024 ) ;
#68 = DIRECTION ( 'NONE',  ( -1.000000000000000000, -1.935708925099592159E-16, 0.000000000000000000 ) ) ;
#69 = DIRECTION ( 'NONE',  ( -8.471437808178905977E-17, 1.000000000000000000, -0.000000000000000000 ) ) ;
#70 = DIRECTION ( 'NONE',  ( -8.471437808178905977E-17, 1.000000000000000000, -0.000000000000000000 ) ) ;
#71 = ORIENTED_EDGE ( 'NONE', *, *, #132, .F. ) ;
#72 = DIRECTION ( 'NONE',  ( -8.673617379884042375E-16, 1.000000000000000000, -0.000000000000000000 ) ) ;
#73 = VERTEX_POINT ( 'NONE', #1253 ) ;
#74 = VERTEX_POINT ( 'NONE', #796 ) ;
#75 = DIRECTION ( 'NONE',  ( 0.9659258262890680902, 0.000000000000000000, -0.2588190451025214611 ) ) ;
#76 = ORIENTED_EDGE ( 'NONE', *, *, #281, .T. ) ;
#77 =( GEOMETRIC_REPRESENTATION_CONTEXT ( 3 ) GLOBAL_UNCERTAINTY_ASSIGNED_CONTEXT ( ( #337 ) ) GLOBAL_UNIT_ASSIGNED_CONTEXT ( ( #759, #605, #1215 ) ) REPRESENTATION_CONTEXT ( 'NONE', 'WORKASPACE' ) );
#78 = CARTESIAN_POINT ( 'NONE',  ( 3.289473506395998574E-15, 3.647152872702095205, 0.000000000000000000 ) ) ;
#79 = CIRCLE ( 'NONE', #750, 2.749999999999997335 ) ;
#80 = DIRECTION ( 'NONE',  ( -8.673617379884042375E-16, 1.000000000000000000, -0.000000000000000000 ) ) ;
#81 = EDGE_CURVE ( 'NONE', #131, #1020, #638, .T. ) ;
#82 = DIRECTION ( 'NONE',  ( -1.000000000000000000, -8.673617379884051496E-17, 0.000000000000000000 ) ) ;
#83 = ORIENTED_EDGE ( 'NONE', *, *, #826, .T. ) ;
#84 = CIRCLE ( 'NONE', #215, 0.2999999999999999334 ) ;
#85 = ORIENTED_EDGE ( 'NONE', *, *, #1649, .T. ) ;
#86 = VERTEX_POINT ( 'NONE', #1097 ) ;
#87 = ADVANCED_FACE ( 'NONE', ( #1273 ), #1738, .T. ) ;
#88 = AXIS2_PLACEMENT_3D ( 'NONE', #1584, #654, #492 ) ;
#89 = PLANE ( 'NONE',  #886 ) ;
#90 = CIRCLE ( 'NONE', #1526, 2.749999999999996447 ) ;
#91 = EDGE_LOOP ( 'NONE', ( #607, #860 ) ) ;
#92 = FACE_OUTER_BOUND ( 'NONE', #1361, .T. ) ;
#93 = EDGE_CURVE ( 'NONE', #131, #1070, #1549, .T. ) ;
#94 = DIRECTION ( 'NONE',  ( 1.000000000000000000, 1.224646799147352961E-16, 0.000000000000000000 ) ) ;
#95 = DIRECTION ( 'NONE',  ( -1.000000000000000000, -1.577021341797098793E-16, 0.000000000000000000 ) ) ;
#96 = ORIENTED_EDGE ( 'NONE', *, *, #2008, .T. ) ;
#97 = EDGE_CURVE ( 'NONE', #599, #1445, #502, .T. ) ;
#98 = ORIENTED_EDGE ( 'NONE', *, *, #2033, .F. ) ;
#99 = ORIENTED_EDGE ( 'NONE', *, *, #332, .T. ) ;
#100 = DIRECTION ( 'NONE',  ( -0.2588190451025211836, -3.169619151431768023E-17, 0.9659258262890682012 ) ) ;
#101 = ORIENTED_EDGE ( 'NONE', *, *, #1427, .T. ) ;
#102 = CARTESIAN_POINT ( 'NONE',  ( 2.750000000000001776, 21.50000000000000000, 0.000000000000000000 ) ) ;
#103 = CARTESIAN_POINT ( 'NONE',  ( 2.897777478867200163, 3.054452119972333414E-32, 0.7764571353075612192 ) ) ;
#104 = AXIS2_PLACEMENT_3D ( 'NONE', #1817, #70, #1004 ) ;
#105 = CARTESIAN_POINT ( 'NONE',  ( 5.119406879332053961, 5.554400028643570408, 1.371740939043361696 ) ) ;
#106 = SURFACE_SIDE_STYLE ('',( #1197 ) ) ;
#107 = ORIENTED_EDGE ( 'NONE', *, *, #1798, .T. ) ;
#108 = ORIENTED_EDGE ( 'NONE', *, *, #1292, .T. ) ;
#109 = DIRECTION ( 'NONE',  ( -0.9659258262890680902, 0.000000000000000000, 0.2588190451025214056 ) ) ;
#110 = ORIENTED_EDGE ( 'NONE', *, *, #1395, .T. ) ;
#111 = EDGE_CURVE ( 'NONE', #1005, #1156, #824, .T. ) ;
#112 = LINE ( 'NONE', #903, #1390 ) ;
#113 = VECTOR ( 'NONE', #1911, 1000.000000000000114 ) ;
#114 = FILL_AREA_STYLE ('',( #1261 ) ) ;
#115 = CARTESIAN_POINT ( 'NONE',  ( 3.429011037612588881E-15, 2.000000000000001776, 0.000000000000000000 ) ) ;
#116 = APPLICATION_PROTOCOL_DEFINITION ( 'draft international standard', 'automotive_design', 1998, #1222 ) ;
#117 = CIRCLE ( 'NONE', #1386, 2.000000000000000000 ) ;
#118 = CARTESIAN_POINT ( 'NONE',  ( 5.119406879332053961, 4.445599971356431368, -1.371740939043362140 ) ) ;
#119 = ORIENTED_EDGE ( 'NONE', *, *, #1421, .F. ) ;
#120 = ADVANCED_FACE ( 'NONE', ( #327 ), #361, .F. ) ;
#121 = AXIS2_PLACEMENT_3D ( 'NONE', #1053, #69, #705 ) ;
#122 = FILL_AREA_STYLE_COLOUR ( '', #1277 ) ;
#123 = ORIENTED_EDGE ( 'NONE', *, *, #281, .F. ) ;
#124 = AXIS2_PLACEMENT_3D ( 'NONE', #1927, #175, #375 ) ;
#125 = ADVANCED_FACE ( 'NONE', ( #1282 ), #1137, .T. ) ;
#126 = AXIS2_PLACEMENT_3D ( 'NONE', #761, #1232, #1864 ) ;
#127 = DIRECTION ( 'NONE',  ( -8.471437808178905977E-17, 1.000000000000000000, -0.000000000000000000 ) ) ;
#128 = PLANE ( 'NONE',  #817 ) ;
#129 = DIRECTION ( 'NONE',  ( -0.2588190451025215721, -3.169619151431774802E-17, 0.9659258262890680902 ) ) ;
#130 = ORIENTED_EDGE ( 'NONE', *, *, #2033, .T. ) ;
#131 = VERTEX_POINT ( 'NONE', #1320 ) ;
#132 = EDGE_CURVE ( 'NONE', #73, #379, #475, .T. ) ;
#133 = DIRECTION ( 'NONE',  ( -8.471437808178905977E-17, 1.000000000000000000, -0.000000000000000000 ) ) ;
#134 = VERTEX_POINT ( 'NONE', #50 ) ;
#135 = DIRECTION ( 'NONE',  ( -1.224646799147352961E-16, 1.000000000000000000, -4.279844320860525334E-32 ) ) ;
#136 = CARTESIAN_POINT ( 'NONE',  ( 2.500000000000035527, -40.84852813742386246, -5.082284216461514170E-16 ) ) ;
#137 = CARTESIAN_POINT ( 'NONE',  ( 2.565784930203601544, 19.99999999999999645, 0.6875000000000001110 ) ) ;
#138 = CIRCLE ( 'NONE', #772, 2.999999999999991562 ) ;
#139 = CARTESIAN_POINT ( 'NONE',  ( -2.199999999999964650, -40.84852813742386246, 3.429011037612588290E-16 ) ) ;
#140 = ORIENTED_EDGE ( 'NONE', *, *, #970, .T. ) ;
#141 = LINE ( 'NONE', #2049, #1171 ) ;
#142 = DIRECTION ( 'NONE',  ( -1.640715604224472476E-17, 1.000000000000000000, 6.123233995736777129E-17 ) ) ;
#143 = ORIENTED_EDGE ( 'NONE', *, *, #832, .T. ) ;
#144 = CARTESIAN_POINT ( 'NONE',  ( 4.153481053042987980, 22.00000000000000000, -1.112921893940840068 ) ) ;
#145 = DIRECTION ( 'NONE',  ( -1.000000000000000000, 0.000000000000000000, 0.000000000000000000 ) ) ;
#146 = MECHANICAL_DESIGN_GEOMETRIC_PRESENTATION_REPRESENTATION (  '', ( #461 ), #1678 ) ;
#147 = ORIENTED_EDGE ( 'NONE', *, *, #641, .F. ) ;
#148 = ORIENTED_EDGE ( 'NONE', *, *, #242, .T. ) ;
#149 = AXIS2_PLACEMENT_3D ( 'NONE', #1750, #172, #1535 ) ;
#150 = DIRECTION ( 'NONE',  ( 0.9659258262890682012, 6.308085367188405032E-16, 0.2588190451025210725 ) ) ;
#151 = EDGE_CURVE ( 'NONE', #930, #1274, #1768, .T. ) ;
#152 = FACE_OUTER_BOUND ( 'NONE', #404, .T. ) ;
#153 = VERTEX_POINT ( 'NONE', #812 ) ;
#154 = AXIS2_PLACEMENT_3D ( 'NONE', #261, #1803, #1642 ) ;
#155 = CARTESIAN_POINT ( 'NONE',  ( 2.656296022294938108, 2.000000000000001776, -0.7117523740319343650 ) ) ;
#156 = MECHANICAL_DESIGN_GEOMETRIC_PRESENTATION_REPRESENTATION (  '', ( #754 ), #1285 ) ;
#157 = CIRCLE ( 'NONE', #553, 4.999999999999985789 ) ;
#158 =( LENGTH_UNIT ( ) NAMED_UNIT ( * ) SI_UNIT ( .MILLI., .METRE. ) );
#159 = CARTESIAN_POINT ( 'NONE',  ( 1.734723475976807883E-15, 22.00000000000000000, 0.000000000000000000 ) ) ;
#160 = CARTESIAN_POINT ( 'NONE',  ( -2.749999999999991118, 0.4999999999999997780, 3.367778697655216574E-16 ) ) ;
#161 = ORIENTED_EDGE ( 'NONE', *, *, #1778, .F. ) ;
#162 = PRODUCT_DEFINITION_SHAPE ( 'NONE', 'NONE',  #1699 ) ;
#163 = LINE ( 'NONE', #1774, #910 ) ;
#164 = DIRECTION ( 'NONE',  ( -1.224646799147352961E-16, 1.000000000000000000, -4.279844320860525334E-32 ) ) ;
#165 = ORIENTED_EDGE ( 'NONE', *, *, #235, .F. ) ;
#166 = CARTESIAN_POINT ( 'NONE',  ( 3.598439793776166902E-15, 0.000000000000000000, 0.000000000000000000 ) ) ;
#167 = DIRECTION ( 'NONE',  ( 1.000000000000000000, 0.000000000000000000, 0.000000000000000000 ) ) ;
#168 = CARTESIAN_POINT ( 'NONE',  ( 8.239936510889833698E-15, 2.500000000000000444, -2.276824562219559311E-15 ) ) ;
#169 = ORIENTED_EDGE ( 'NONE', *, *, #1814, .F. ) ;
#170 = CIRCLE ( 'NONE', #104, 3.999999999999993339 ) ;
#171 = CARTESIAN_POINT ( 'NONE',  ( 2.897777478867199719, 2.000000000000000444, -0.7764571353075632176 ) ) ;
#172 = DIRECTION ( 'NONE',  ( 2.443508913836402395E-16, -1.000000000000000000, -0.000000000000000000 ) ) ;
#173 = CARTESIAN_POINT ( 'NONE',  ( 5.793274664123586098E-15, 22.00000000000000000, -2.274218133642369243E-15 ) ) ;
#174 = ADVANCED_FACE ( 'NONE', ( #1127 ), #528, .T. ) ;
#175 = DIRECTION ( 'NONE',  ( -8.471437808178905977E-17, 1.000000000000000000, -0.000000000000000000 ) ) ;
#176 = ADVANCED_FACE ( 'NONE', ( #1958 ), #1973, .T. ) ;
#177 = CARTESIAN_POINT ( 'NONE',  ( 3.127902249732155881E-15, 5.554400028643567744, 0.000000000000000000 ) ) ;
#178 = VERTEX_POINT ( 'NONE', #519 ) ;
#179 = PRESENTATION_LAYER_ASSIGNMENT (  '', '', ( #2055 ) ) ;
#180 = DIRECTION ( 'NONE',  ( -1.000000000000000000, 0.000000000000000000, 0.000000000000000000 ) ) ;
#181 = EDGE_CURVE ( 'NONE', #1596, #1493, #635, .T. ) ;
#182 = CARTESIAN_POINT ( 'NONE',  ( -4.999999999999987566, 2.000000000000001332, 0.000000000000000000 ) ) ;
#183 = VECTOR ( 'NONE', #2071, 1000.000000000000114 ) ;
#184 = FACE_OUTER_BOUND ( 'NONE', #2068, .T. ) ;
#185 = AXIS2_PLACEMENT_3D ( 'NONE', #1723, #1896, #302 ) ;
#186 = EDGE_CURVE ( 'NONE', #414, #153, #1941, .T. ) ;
#187 = AXIS2_PLACEMENT_3D ( 'NONE', #1432, #464, #948 ) ;
#188 = CYLINDRICAL_SURFACE ( 'NONE', #1720, 2.750000000000000000 ) ;
#189 = CIRCLE ( 'NONE', #981, 4.999999999999991118 ) ;
#190 = VECTOR ( 'NONE', #373, 1000.000000000000000 ) ;
#191 = LINE ( 'NONE', #1936, #1270 ) ;
#192 = EDGE_LOOP ( 'NONE', ( #945, #1044, #1035, #238 ) ) ;
#193 = FACE_OUTER_BOUND ( 'NONE', #1187, .T. ) ;
#194 = PLANE ( 'NONE',  #1618 ) ;
#195 = EDGE_CURVE ( 'NONE', #1648, #1683, #191, .T. ) ;
#196 = DIRECTION ( 'NONE',  ( -1.224646799147352961E-16, 1.000000000000000000, -4.279844320860525334E-32 ) ) ;
#197 = CARTESIAN_POINT ( 'NONE',  ( 5.119406879332054849, 4.445599971356431368, 1.371740939043356367 ) ) ;
#198 = VERTEX_POINT ( 'NONE', #1464 ) ;
#199 = DIRECTION ( 'NONE',  ( -8.471437808178905977E-17, 1.000000000000000000, -0.000000000000000000 ) ) ;
#200 = DIRECTION ( 'NONE',  ( -1.000000000000000000, -1.935708925099592159E-16, 0.000000000000000000 ) ) ;
#201 = CLOSED_SHELL ( 'NONE', ( #633, #1290, #120, #922, #804, #1850, #176, #1374, #2036, #87, #1447, #1168, #1413, #548, #1804, #889, #1260, #652, #1971, #1545 ) ) ;
#202 = FACE_OUTER_BOUND ( 'NONE', #1385, .T. ) ;
#203 = FILL_AREA_STYLE ('',( #334 ) ) ;
#204 = CARTESIAN_POINT ( 'NONE',  ( 3.598439793776166902E-15, 0.000000000000000000, 0.000000000000000000 ) ) ;
#205 = ORIENTED_EDGE ( 'NONE', *, *, #2018, .T. ) ;
#206 = CARTESIAN_POINT ( 'NONE',  ( 9.096872534569451729E-15, 0.000000000000000000, 0.000000000000000000 ) ) ;
#207 = DIRECTION ( 'NONE',  ( 2.443508913836402395E-16, -1.000000000000000000, -0.000000000000000000 ) ) ;
#208 = EDGE_CURVE ( 'NONE', #538, #1913, #993, .T. ) ;
#209 = MECHANICAL_DESIGN_GEOMETRIC_PRESENTATION_REPRESENTATION (  '', ( #2055 ), #77 ) ;
#210 = DIRECTION ( 'NONE',  ( -1.000000000000000000, 0.000000000000000000, 0.000000000000000000 ) ) ;
#211 = CIRCLE ( 'NONE', #1082, 1.000000000000000000 ) ;
#212 = EDGE_CURVE ( 'NONE', #437, #589, #835, .T. ) ;
#213 = AXIS2_PLACEMENT_3D ( 'NONE', #136, #1406, #1709 ) ;
#214 = CARTESIAN_POINT ( 'NONE',  ( 3.469446951953614189E-15, 4.445599971356430480, 0.000000000000000000 ) ) ;
#215 = AXIS2_PLACEMENT_3D ( 'NONE', #234, #1195, #881 ) ;
#216 = DIRECTION ( 'NONE',  ( -8.471437808178905977E-17, 1.000000000000000000, -0.000000000000000000 ) ) ;
#217 = EDGE_LOOP ( 'NONE', ( #942, #306, #2016, #714 ) ) ;
#218 = AXIS2_PLACEMENT_3D ( 'NONE', #2032, #433, #936 ) ;
#219 = FACE_OUTER_BOUND ( 'NONE', #1324, .T. ) ;
#220 = ORIENTED_EDGE ( 'NONE', *, *, #81, .F. ) ;
#221 = ORIENTED_EDGE ( 'NONE', *, *, #590, .F. ) ;
#222 = DIRECTION ( 'NONE',  ( 0.9659258262890680902, 0.000000000000000000, 0.2588190451025214611 ) ) ;
#223 = ORIENTED_EDGE ( 'NONE', *, *, #332, .F. ) ;
#224 = CYLINDRICAL_SURFACE ( 'NONE', #1757, 2.749999999999996891 ) ;
#225 = DIRECTION ( 'NONE',  ( 8.673617379884042375E-16, -1.000000000000000000, 0.000000000000000000 ) ) ;
#226 = DIRECTION ( 'NONE',  ( 8.673617379884042375E-16, -1.000000000000000000, 0.000000000000000000 ) ) ;
#227 = ORIENTED_EDGE ( 'NONE', *, *, #97, .F. ) ;
#228 = DIRECTION ( 'NONE',  ( 0.9659258262890680902, 0.000000000000000000, -0.2588190451025214611 ) ) ;
#229 = VERTEX_POINT ( 'NONE', #1966 ) ;
#230 = ORIENTED_EDGE ( 'NONE', *, *, #1659, .F. ) ;
#231 = LINE ( 'NONE', #406, #360 ) ;
#232 = ORIENTED_EDGE ( 'NONE', *, *, #272, .F. ) ;
#233 = EDGE_CURVE ( 'NONE', #1765, #1505, #1118, .T. ) ;
#234 = CARTESIAN_POINT ( 'NONE',  ( -2.500000000000000444, 0.4999999999999979461, 3.061616997868382648E-16 ) ) ;
#235 = EDGE_CURVE ( 'NONE', #544, #393, #1946, .T. ) ;
#236 = CARTESIAN_POINT ( 'NONE',  ( 1.836970198721032153E-16, 0.5000000000000001110, 0.000000000000000000 ) ) ;
#237 = CARTESIAN_POINT ( 'NONE',  ( -2.799999999999982947, -19.70000000000000284, 3.061616997868382648E-16 ) ) ;
#238 = ORIENTED_EDGE ( 'NONE', *, *, #313, .T. ) ;
#239 = CARTESIAN_POINT ( 'NONE',  ( 7.806255641895631925E-15, 4.445599971356431368, -2.168404344971008868E-15 ) ) ;
#240 = ORIENTED_EDGE ( 'NONE', *, *, #1942, .F. ) ;
#241 = ORIENTED_EDGE ( 'NONE', *, *, #971, .F. ) ;
#242 = EDGE_CURVE ( 'NONE', #1445, #1173, #2046, .T. ) ;
#243 = DIRECTION ( 'NONE',  ( 2.443508913836402395E-16, -1.000000000000000000, -0.000000000000000000 ) ) ;
#244 = ORIENTED_EDGE ( 'NONE', *, *, #494, .F. ) ;
#245 = AXIS2_PLACEMENT_3D ( 'NONE', #1932, #498, #351 ) ;
#246 = FACE_OUTER_BOUND ( 'NONE', #61, .T. ) ;
#247 = ADVANCED_FACE ( 'NONE', ( #39 ), #1329, .T. ) ;
#248 = PRODUCT_DEFINITION_FORMATION_WITH_SPECIFIED_SOURCE ( 'ANY', '', #2052, .NOT_KNOWN. ) ;
#249 = VECTOR ( 'NONE', #636, 1000.000000000000000 ) ;
#250 = CARTESIAN_POINT ( 'NONE',  ( 2.897777478867199275, 2.500000000000000444, 0.7764571353075575555 ) ) ;
#251 = DIRECTION ( 'NONE',  ( 1.000000000000000000, 2.365532012695649175E-16, 0.000000000000000000 ) ) ;
#252 = ORIENTED_EDGE ( 'NONE', *, *, #1072, .T. ) ;
#253 = TOROIDAL_SURFACE ( 'NONE', #1311, 2.999999999999986677, 2.000000000000000888 ) ;
#254 = AXIS2_PLACEMENT_3D ( 'NONE', #1233, #1420, #794 ) ;
#255 = VERTEX_POINT ( 'NONE', #1657 ) ;
#256 = EDGE_LOOP ( 'NONE', ( #1869, #266, #1504, #98 ) ) ;
#257 = VECTOR ( 'NONE', #481, 1000.000000000000000 ) ;
#258 = DIRECTION ( 'NONE',  ( -0.9659258262890679791, 0.000000000000000000, 0.2588190451025215166 ) ) ;
#259 = ORIENTED_EDGE ( 'NONE', *, *, #955, .T. ) ;
#260 = DIRECTION ( 'NONE',  ( -1.000000000000000000, 0.000000000000000000, 0.000000000000000000 ) ) ;
#261 = CARTESIAN_POINT ( 'NONE',  ( 2.499999999999999556, 0.5000000000000023315, -5.082284216461514170E-16 ) ) ;
#262 =( LENGTH_UNIT ( ) NAMED_UNIT ( * ) SI_UNIT ( .MILLI., .METRE. ) );
#263 = VERTEX_POINT ( 'NONE', #852 ) ;
#264 = EDGE_CURVE ( 'NONE', #1947, #315, #1366, .T. ) ;
#265 = EDGE_LOOP ( 'NONE', ( #1112, #1610 ) ) ;
#266 = ORIENTED_EDGE ( 'NONE', *, *, #915, .T. ) ;
#267 =( NAMED_UNIT ( * ) SI_UNIT ( $, .STERADIAN. ) SOLID_ANGLE_UNIT ( ) );
#268 = ORIENTED_EDGE ( 'NONE', *, *, #463, .F. ) ;
#269 = DIRECTION ( 'NONE',  ( -8.471437808178905977E-17, 1.000000000000000000, -0.000000000000000000 ) ) ;
#270 = CIRCLE ( 'NONE', #637, 4.999999999999985789 ) ;
#271 = DIRECTION ( 'NONE',  ( 0.9659258262890680902, -1.734723475976810842E-15, 0.2588190451025214056 ) ) ;
#272 = EDGE_CURVE ( 'NONE', #1550, #1204, #170, .T. ) ;
#273 = CARTESIAN_POINT ( 'NONE',  ( 5.119406879332053961, 5.554400028643570408, -1.371740939043362140 ) ) ;
#274 = ORIENTED_EDGE ( 'NONE', *, *, #1733, .F. ) ;
#275 = ORIENTED_EDGE ( 'NONE', *, *, #1412, .F. ) ;
#276 = EDGE_CURVE ( 'NONE', #153, #1980, #1200, .T. ) ;
#277 = CARTESIAN_POINT ( 'NONE',  ( 4.829629131445337897, 2.499999999999999556, 1.294095225512604586 ) ) ;
#278 = ORIENTED_EDGE ( 'NONE', *, *, #602, .F. ) ;
#279 = DIRECTION ( 'NONE',  ( -1.000000000000000000, -9.678544625497947238E-17, 0.000000000000000000 ) ) ;
#280 = VECTOR ( 'NONE', #72, 1000.000000000000000 ) ;
#281 = EDGE_CURVE ( 'NONE', #1707, #1743, #303, .T. ) ;
#282 = CIRCLE ( 'NONE', #1753, 2.000000000000000888 ) ;
#283 = CIRCLE ( 'NONE', #291, 1.000000000000000444 ) ;
#284 = CIRCLE ( 'NONE', #786, 2.749999999999992450 ) ;
#285 = CARTESIAN_POINT ( 'NONE',  ( 1.734723475976807883E-15, 22.00000000000000000, 0.000000000000000000 ) ) ;
#286 = ORIENTED_EDGE ( 'NONE', *, *, #832, .F. ) ;
#287 = AXIS2_PLACEMENT_3D ( 'NONE', #1497, #692, #1038 ) ;
#288 = PRESENTATION_STYLE_ASSIGNMENT (( #1846 ) ) ;
#289 = ORIENTED_EDGE ( 'NONE', *, *, #97, .T. ) ;
#290 = CIRCLE ( 'NONE', #656, 4.638304088577973161 ) ;
#291 = AXIS2_PLACEMENT_3D ( 'NONE', #847, #1972, #1167 ) ;
#292 = DIRECTION ( 'NONE',  ( -1.000000000000000000, 0.000000000000000000, 0.000000000000000000 ) ) ;
#293 = FACE_OUTER_BOUND ( 'NONE', #551, .T. ) ;
#294 =( NAMED_UNIT ( * ) PLANE_ANGLE_UNIT ( ) SI_UNIT ( $, .RADIAN. ) );
#295 = CARTESIAN_POINT ( 'NONE',  ( -5.299999999999986500, 4.445599971356429592, 0.000000000000000000 ) ) ;
#296 = EDGE_LOOP ( 'NONE', ( #1046, #1661, #1518, #96 ) ) ;
#297 = CARTESIAN_POINT ( 'NONE',  ( 9.096872534569451729E-15, 0.000000000000000000, 0.000000000000000000 ) ) ;
#298 = CARTESIAN_POINT ( 'NONE',  ( 6.402649576445274525E-15, 22.00000000000000000, 0.000000000000000000 ) ) ;
#299 = VERTEX_POINT ( 'NONE', #2002 ) ;
#300 = CARTESIAN_POINT ( 'NONE',  ( 8.040850213092193991E-15, 3.647152872702095205, -2.274218133642368454E-15 ) ) ;
#301 = ADVANCED_FACE ( 'NONE', ( #706 ), #742, .F. ) ;
#302 = DIRECTION ( 'NONE',  ( -1.000000000000000000, -8.673617379884051496E-17, 0.000000000000000000 ) ) ;
#303 = CIRCLE ( 'NONE', #1468, 2.749999999999996891 ) ;
#304 = EDGE_CURVE ( 'NONE', #1823, #466, #1327, .T. ) ;
#305 = DIRECTION ( 'NONE',  ( -1.224646799147352961E-16, 1.000000000000000000, -4.279844320860525334E-32 ) ) ;
#306 = ORIENTED_EDGE ( 'NONE', *, *, #405, .T. ) ;
#307 = CARTESIAN_POINT ( 'NONE',  ( 2.656296022294938997, -6.921310737641628847E-32, -0.7117523740319344761 ) ) ;
#308 = DIRECTION ( 'NONE',  ( 8.471437808178905977E-17, -1.000000000000000000, 0.000000000000000000 ) ) ;
#309 = VERTEX_POINT ( 'NONE', #895 ) ;
#310 = EDGE_CURVE ( 'NONE', #153, #1596, #423, .T. ) ;
#311 = DIRECTION ( 'NONE',  ( -8.471437808178905977E-17, 1.000000000000000000, -0.000000000000000000 ) ) ;
#312 = CYLINDRICAL_SURFACE ( 'NONE', #213, 0.2999999999999999334 ) ;
#313 = EDGE_CURVE ( 'NONE', #1373, #709, #1606, .T. ) ;
#314 = TOROIDAL_SURFACE ( 'NONE', #1885, 3.999999999999988898, 1.000000000000000444 ) ;
#315 = VERTEX_POINT ( 'NONE', #2013 ) ;
#316 = VERTEX_POINT ( 'NONE', #60 ) ;
#317 = AXIS2_PLACEMENT_3D ( 'NONE', #1689, #739, #319 ) ;
#318 = DIRECTION ( 'NONE',  ( -2.443508913836402395E-16, 1.000000000000000000, 0.000000000000000000 ) ) ;
#319 = DIRECTION ( 'NONE',  ( -1.000000000000000000, 0.000000000000000000, 0.000000000000000000 ) ) ;
#320 = VERTEX_POINT ( 'NONE', #237 ) ;
#321 = CIRCLE ( 'NONE', #154, 0.2999999999999999334 ) ;
#322 = CARTESIAN_POINT ( 'NONE',  ( 3.079312078644307783E-15, 6.127976464994615569, 0.000000000000000000 ) ) ;
#323 = TOROIDAL_SURFACE ( 'NONE', #618, 2.999999999999990674, 2.000000000000000888 ) ;
#324 = EDGE_CURVE ( 'NONE', #1043, #56, #1963, .T. ) ;
#325 = AXIS2_PLACEMENT_3D ( 'NONE', #749, #1734, #1554 ) ;
#326 = CARTESIAN_POINT ( 'NONE',  ( 2.656296022294936776, 19.99999999999999645, -0.7117523740319323666 ) ) ;
#327 = FACE_OUTER_BOUND ( 'NONE', #1714, .T. ) ;
#328 = ORIENTED_EDGE ( 'NONE', *, *, #1792, .T. ) ;
#329 = EDGE_CURVE ( 'NONE', #1835, #825, #1319, .T. ) ;
#330 = CARTESIAN_POINT ( 'NONE',  ( 6.038204023953057183E-15, 19.99999999999999645, -2.274218133642369243E-15 ) ) ;
#331 = CARTESIAN_POINT ( 'NONE',  ( -4.999999999999989342, 22.00000000000000000, 0.000000000000000000 ) ) ;
#332 = EDGE_CURVE ( 'NONE', #825, #724, #1487, .T. ) ;
#333 = DIRECTION ( 'NONE',  ( -0.9659258262890679791, -0.000000000000000000, 0.2588190451025215166 ) ) ;
#334 = FILL_AREA_STYLE_COLOUR ( '', #1619 ) ;
#335 = MANIFOLD_SOLID_BREP ( 'Revolve3', #201 ) ;
#336 = EDGE_CURVE ( 'NONE', #1685, #255, #452, .T. ) ;
#337 = UNCERTAINTY_MEASURE_WITH_UNIT (LENGTH_MEASURE( 1.000000000000000082E-05 ), #759, 'distance_accuracy_value', 'NONE');
#338 = DIRECTION ( 'NONE',  ( -8.471437808178905977E-17, 1.000000000000000000, -0.000000000000000000 ) ) ;
#339 = ORIENTED_EDGE ( 'NONE', *, *, #955, .F. ) ;
#340 = CLOSED_SHELL ( 'NONE', ( #125, #1781, #1037, #1065 ) ) ;
#341 = MANIFOLD_SOLID_BREP ( 'Cut-Extrude3[2]', #1702 ) ;
#342 = DIRECTION ( 'NONE',  ( -1.000000000000000000, 0.000000000000000000, 0.000000000000000000 ) ) ;
#343 = EDGE_CURVE ( 'NONE', #86, #558, #1889, .T. ) ;
#344 = LINE ( 'NONE', #1482, #1454 ) ;
#345 = CARTESIAN_POINT ( 'NONE',  ( 1.734723475976807094E-15, 20.99999999999999645, 0.000000000000000000 ) ) ;
#346 = DIRECTION ( 'NONE',  ( 8.673617379884042375E-16, -1.000000000000000000, 0.000000000000000000 ) ) ;
#347 = ADVANCED_FACE ( 'NONE', ( #1064 ), #1391, .F. ) ;
#348 = DIRECTION ( 'NONE',  ( -1.000000000000000000, 0.000000000000000000, 0.000000000000000000 ) ) ;
#349 = ORIENTED_EDGE ( 'NONE', *, *, #151, .T. ) ;
#350 = CIRCLE ( 'NONE', #947, 4.480847955710998143 ) ;
#351 = DIRECTION ( 'NONE',  ( -1.000000000000000000, 0.000000000000000000, 0.000000000000000000 ) ) ;
#352 = TOROIDAL_SURFACE ( 'NONE', #542, 5.299999999999985612, 0.9999999999999974465 ) ;
#353 = DIRECTION ( 'NONE',  ( -1.000000000000000000, -2.443508913836402395E-16, 0.000000000000000000 ) ) ;
#354 = CIRCLE ( 'NONE', #1780, 0.9999999999999970024 ) ;
#355 = CARTESIAN_POINT ( 'NONE',  ( 9.096872534569451729E-15, 0.000000000000000000, 0.000000000000000000 ) ) ;
#356 = CONICAL_SURFACE ( 'NONE', #916, 4.638304088577973161, 0.6108652381980137491 ) ;
#357 = AXIS2_PLACEMENT_3D ( 'NONE', #1801, #1486, #418 ) ;
#358 = DIRECTION ( 'NONE',  ( -1.000000000000000000, -8.471437808178905977E-17, 0.000000000000000000 ) ) ;
#359 = AXIS2_PLACEMENT_3D ( 'NONE', #166, #311, #946 ) ;
#360 = VECTOR ( 'NONE', #45, 1000.000000000000000 ) ;
#361 = CYLINDRICAL_SURFACE ( 'NONE', #666, 2.749999999999992895 ) ;
#362 = ORIENTED_EDGE ( 'NONE', *, *, #432, .F. ) ;
#363 = LINE ( 'NONE', #1164, #1919 ) ;
#364 = DIRECTION ( 'NONE',  ( 2.168404344971006896E-16, -1.000000000000000000, 0.000000000000000000 ) ) ;
#365 = SURFACE_STYLE_USAGE ( .BOTH. , #1791 ) ;
#366 = CARTESIAN_POINT ( 'NONE',  ( 2.749999999999999112, 19.99999999999999645, 0.000000000000000000 ) ) ;
#367 = DIRECTION ( 'NONE',  ( -1.224646799147352961E-16, 1.000000000000000000, -4.279844320860525334E-32 ) ) ;
#368 = ORIENTED_EDGE ( 'NONE', *, *, #1191, .T. ) ;
#369 = EDGE_CURVE ( 'NONE', #876, #392, #354, .T. ) ;
#370 = CARTESIAN_POINT ( 'NONE',  ( 3.469446951953614189E-15, 4.445599971356430480, 0.000000000000000000 ) ) ;
#371 = PLANE ( 'NONE',  #1892 ) ;
#372 = VECTOR ( 'NONE', #23, 1000.000000000000000 ) ;
#373 = DIRECTION ( 'NONE',  ( -8.471437808178905977E-17, 1.000000000000000000, -0.000000000000000000 ) ) ;
#374 = EDGE_CURVE ( 'NONE', #1773, #1070, #939, .T. ) ;
#375 = DIRECTION ( 'NONE',  ( -1.000000000000000000, 0.000000000000000000, 0.000000000000000000 ) ) ;
#376 = CARTESIAN_POINT ( 'NONE',  ( 4.829629131445336121, 20.99999999999999645, -1.294095225512606806 ) ) ;
#377 = ORIENTED_EDGE ( 'NONE', *, *, #2044, .F. ) ;
#378 = FACE_OUTER_BOUND ( 'NONE', #689, .T. ) ;
#379 = VERTEX_POINT ( 'NONE', #1407 ) ;
#380 = CYLINDRICAL_SURFACE ( 'NONE', #1153, 0.2999999999999999334 ) ;
#381 = VERTEX_POINT ( 'NONE', #1422 ) ;
#382 = STYLED_ITEM ( 'NONE', ( #1085 ), #341 ) ;
#383 = LINE ( 'NONE', #1838, #1824 ) ;
#384 = AXIS2_PLACEMENT_3D ( 'NONE', #1208, #775, #2067 ) ;
#385 = VECTOR ( 'NONE', #1735, 1000.000000000000000 ) ;
#386 = CARTESIAN_POINT ( 'NONE',  ( 2.897777478867198830, 2.500000000000000444, 0.7764571353075623295 ) ) ;
#387 = CIRCLE ( 'NONE', #1120, 2.000000000000000888 ) ;
#388 = DIRECTION ( 'NONE',  ( 2.443508913836402395E-16, -1.000000000000000000, -0.000000000000000000 ) ) ;
#389 = ORIENTED_EDGE ( 'NONE', *, *, #1039, .F. ) ;
#390 = CIRCLE ( 'NONE', #1826, 2.999999999999985789 ) ;
#391 = DIRECTION ( 'NONE',  ( -1.224646799147353207E-16, 1.000000000000000000, -0.000000000000000000 ) ) ;
#392 = VERTEX_POINT ( 'NONE', #1577 ) ;
#393 = VERTEX_POINT ( 'NONE', #2054 ) ;
#394 = EDGE_CURVE ( 'NONE', #724, #647, #1585, .T. ) ;
#395 = CARTESIAN_POINT ( 'NONE',  ( -3.999999999999991562, 22.00000000000000000, 0.000000000000000000 ) ) ;
#396 = EDGE_LOOP ( 'NONE', ( #1495, #412, #834, #1228 ) ) ;
#397 = EDGE_CURVE ( 'NONE', #589, #888, #488, .T. ) ;
#398 = CARTESIAN_POINT ( 'NONE',  ( 3.035766082959412415E-15, 7.500000000000000000, 0.000000000000000000 ) ) ;
#399 = CARTESIAN_POINT ( 'NONE',  ( 8.239936510889833698E-15, 2.000000000000000444, -2.276824562219559311E-15 ) ) ;
#400 = DIRECTION ( 'NONE',  ( -8.471437808178905977E-17, 1.000000000000000000, 0.000000000000000000 ) ) ;
#401 = ORIENTED_EDGE ( 'NONE', *, *, #208, .F. ) ;
#402 = EDGE_CURVE ( 'NONE', #1380, #1173, #596, .T. ) ;
#403 = ORIENTED_EDGE ( 'NONE', *, *, #93, .F. ) ;
#404 = EDGE_LOOP ( 'NONE', ( #1367, #887, #1198, #1540 ) ) ;
#405 = EDGE_CURVE ( 'NONE', #309, #1550, #211, .T. ) ;
#406 = CARTESIAN_POINT ( 'NONE',  ( 3.990437299949587752E-15, -0.2713376114685771556, -1.377168954381217745E-15 ) ) ;
#407 = ORIENTED_EDGE ( 'NONE', *, *, #1036, .F. ) ;
#408 = VECTOR ( 'NONE', #4, 1000.000000000000000 ) ;
#409 = CARTESIAN_POINT ( 'NONE',  ( 2.656296022294936332, 22.00000000000000000, -0.7117523740319323666 ) ) ;
#410 = DIRECTION ( 'NONE',  ( 2.443508913836402395E-16, -1.000000000000000000, -0.000000000000000000 ) ) ;
#411 = CARTESIAN_POINT ( 'NONE',  ( -2.499999999999983125, -19.70000000000000284, 3.061616997868382155E-16 ) ) ;
#412 = ORIENTED_EDGE ( 'NONE', *, *, #517, .F. ) ;
#413 = EDGE_CURVE ( 'NONE', #709, #1020, #79, .T. ) ;
#414 = VERTEX_POINT ( 'NONE', #1235 ) ;
#415 = EDGE_LOOP ( 'NONE', ( #362, #1029, #555, #368 ) ) ;
#416 = ORIENTED_EDGE ( 'NONE', *, *, #1778, .T. ) ;
#417 = AXIS2_PLACEMENT_3D ( 'NONE', #1481, #836, #1979 ) ;
#418 = DIRECTION ( 'NONE',  ( -1.000000000000000000, -8.471437808178905977E-17, 0.000000000000000000 ) ) ;
#419 = DIRECTION ( 'NONE',  ( 0.9659258262890680902, 0.000000000000000000, 0.2588190451025214056 ) ) ;
#420 = EDGE_CURVE ( 'NONE', #477, #879, #117, .T. ) ;
#421 = CIRCLE ( 'NONE', #317, 4.480847955711000807 ) ;
#422 = PLANE ( 'NONE',  #1992 ) ;
#423 = LINE ( 'NONE', #1019, #1135 ) ;
#424 = VERTEX_POINT ( 'NONE', #474 ) ;
#425 = CIRCLE ( 'NONE', #1281, 2.000000000000002665 ) ;
#426 = LINE ( 'NONE', #1236, #1383 ) ;
#427 = ORIENTED_EDGE ( 'NONE', *, *, #151, .F. ) ;
#428 = ORIENTED_EDGE ( 'NONE', *, *, #971, .T. ) ;
#429 = AXIS2_PLACEMENT_3D ( 'NONE', #462, #269, #1103 ) ;
#430 = CARTESIAN_POINT ( 'NONE',  ( 3.469446951953614189E-15, 5.554400028643569520, 0.000000000000000000 ) ) ;
#431 = ORIENTED_EDGE ( 'NONE', *, *, #1365, .T. ) ;
#432 = EDGE_CURVE ( 'NONE', #1465, #1470, #1873, .T. ) ;
#433 = DIRECTION ( 'NONE',  ( 0.2588190451025214611, 3.169619151431774186E-17, 0.9659258262890680902 ) ) ;
#434 = DIRECTION ( 'NONE',  ( 8.471437808178905977E-17, -1.000000000000000000, 0.000000000000000000 ) ) ;
#435 =( NAMED_UNIT ( * ) SI_UNIT ( $, .STERADIAN. ) SOLID_ANGLE_UNIT ( ) );
#436 = VERTEX_POINT ( 'NONE', #949 ) ;
#437 = VERTEX_POINT ( 'NONE', #1588 ) ;
#438 = FACE_OUTER_BOUND ( 'NONE', #1886, .T. ) ;
#439 = ORIENTED_EDGE ( 'NONE', *, *, #1562, .F. ) ;
#440 = EDGE_CURVE ( 'NONE', #1402, #876, #1916, .T. ) ;
#441 = CARTESIAN_POINT ( 'NONE',  ( 2.499999999999999556, 0.5000000000000023315, -5.082284216461514170E-16 ) ) ;
#442 = AXIS2_PLACEMENT_3D ( 'NONE', #177, #1308, #685 ) ;
#443 = CARTESIAN_POINT ( 'NONE',  ( -2.800000000000000266, 0.4999999999999977240, 3.061616997868382648E-16 ) ) ;
#444 = CARTESIAN_POINT ( 'NONE',  ( -2.749999999999995115, 22.00000000000000000, 0.000000000000000000 ) ) ;
#445 = EDGE_LOOP ( 'NONE', ( #841, #728, #1806, #1583 ) ) ;
#446 = ORIENTED_EDGE ( 'NONE', *, *, #304, .T. ) ;
#447 = DIRECTION ( 'NONE',  ( 1.000000000000000000, 0.000000000000000000, 0.000000000000000000 ) ) ;
#448 = EDGE_LOOP ( 'NONE', ( #99, #1759, #563, #1479 ) ) ;
#449 = CARTESIAN_POINT ( 'NONE',  ( 2.656296022294935888, 22.00000000000000000, 0.7117523740319288139 ) ) ;
#450 = DIRECTION ( 'NONE',  ( -1.224646799147352961E-16, 1.000000000000000000, -4.279844320860525334E-32 ) ) ;
#451 = VECTOR ( 'NONE', #1148, 1000.000000000000000 ) ;
#452 = LINE ( 'NONE', #929, #15 ) ;
#453 = AXIS2_PLACEMENT_3D ( 'NONE', #1276, #1582, #1051 ) ;
#454 = VECTOR ( 'NONE', #55, 1000.000000000000000 ) ;
#455 = DIRECTION ( 'NONE',  ( -1.000000000000000000, 0.000000000000000000, 0.000000000000000000 ) ) ;
#456 = ORIENTED_EDGE ( 'NONE', *, *, #31, .F. ) ;
#457 = CIRCLE ( 'NONE', #1455, 0.2999999999999999334 ) ;
#458 = EDGE_LOOP ( 'NONE', ( #1434, #119, #745, #1393, #1579, #407, #722, #1243, #1739, #630, #278, #867, #389, #471, #1404, #1698, #403, #2029 ) ) ;
#459 = EDGE_CURVE ( 'NONE', #1991, #599, #282, .T. ) ;
#460 = TOROIDAL_SURFACE ( 'NONE', #684, 2.999999999999986233, 2.000000000000000888 ) ;
#461 = STYLED_ITEM ( 'NONE', ( #989 ), #1651 ) ;
#462 = CARTESIAN_POINT ( 'NONE',  ( 1.734723475976807883E-15, 22.00000000000000000, 0.000000000000000000 ) ) ;
#463 = EDGE_CURVE ( 'NONE', #1913, #544, #1063, .T. ) ;
#464 = DIRECTION ( 'NONE',  ( 8.673617379884042375E-16, -1.000000000000000000, 0.000000000000000000 ) ) ;
#465 = CARTESIAN_POINT ( 'NONE',  ( 2.897777478867199719, 2.000000000000000444, 0.7764571353075625515 ) ) ;
#466 = VERTEX_POINT ( 'NONE', #1912 ) ;
#467 = ORIENTED_EDGE ( 'NONE', *, *, #691, .T. ) ;
#468 = EDGE_CURVE ( 'NONE', #1854, #1156, #570, .T. ) ;
#469 = CARTESIAN_POINT ( 'NONE',  ( 1.734723475976807883E-15, 22.00000000000000000, 0.000000000000000000 ) ) ;
#470 = CARTESIAN_POINT ( 'NONE',  ( 6.038204023953057183E-15, 19.99999999999999645, -2.274218133642369243E-15 ) ) ;
#471 = ORIENTED_EDGE ( 'NONE', *, *, #468, .T. ) ;
#472 = EDGE_CURVE ( 'NONE', #437, #686, #1217, .T. ) ;
#473 = PLANE ( 'NONE',  #1786 ) ;
#474 = CARTESIAN_POINT ( 'NONE',  ( 2.897777478867199275, -3.310192091915561622E-32, -0.7764571353075629956 ) ) ;
#475 = CIRCLE ( 'NONE', #736, 0.9999999999999977796 ) ;
#476 = FACE_OUTER_BOUND ( 'NONE', #192, .T. ) ;
#477 = VERTEX_POINT ( 'NONE', #1266 ) ;
#478 = LINE ( 'NONE', #1099, #485 ) ;
#479 = LINE ( 'NONE', #944, #1988 ) ;
#480 = ORIENTED_EDGE ( 'NONE', *, *, #1395, .F. ) ;
#481 = DIRECTION ( 'NONE',  ( 4.336808689942013792E-16, -1.000000000000000000, -5.421010862427517240E-17 ) ) ;
#482 = FACE_OUTER_BOUND ( 'NONE', #1858, .T. ) ;
#483 = DIRECTION ( 'NONE',  ( -0.2588190451025211836, -3.169619151431768023E-17, 0.9659258262890682012 ) ) ;
#484 = EDGE_CURVE ( 'NONE', #255, #1528, #1644, .T. ) ;
#485 = VECTOR ( 'NONE', #1749, 1000.000000000000114 ) ;
#486 = DIRECTION ( 'NONE',  ( 0.9659258262890679791, 8.182780564721660696E-17, 0.2588190451025215166 ) ) ;
#487 = ORIENTED_EDGE ( 'NONE', *, *, #958, .F. ) ;
#488 = CIRCLE ( 'NONE', #47, 2.000000000000000000 ) ;
#489 = FACE_OUTER_BOUND ( 'NONE', #1508, .T. ) ;
#490 = CARTESIAN_POINT ( 'NONE',  ( 4.328166764095833230, 6.127976464994615569, 1.159728789146705630 ) ) ;
#491 = CIRCLE ( 'NONE', #1586, 4.638304088577971385 ) ;
#492 = DIRECTION ( 'NONE',  ( -1.000000000000000000, -1.224646799147352961E-16, -6.510407777383781463E-49 ) ) ;
#493 = MECHANICAL_DESIGN_GEOMETRIC_PRESENTATION_REPRESENTATION (  '', ( #1086 ), #1650 ) ;
#494 = EDGE_CURVE ( 'NONE', #1020, #466, #1742, .T. ) ;
#495 = EDGE_CURVE ( 'NONE', #686, #724, #8, .T. ) ;
#496 = CARTESIAN_POINT ( 'NONE',  ( 3.665263370754607290E-16, 19.99999999999999645, 0.000000000000000000 ) ) ;
#497 = ORIENTED_EDGE ( 'NONE', *, *, #978, .F. ) ;
#498 = DIRECTION ( 'NONE',  ( -8.471437808178905977E-17, 1.000000000000000000, -0.000000000000000000 ) ) ;
#499 = CARTESIAN_POINT ( 'NONE',  ( 1.734723475976807883E-15, 22.00000000000000000, 0.000000000000000000 ) ) ;
#500 = DIRECTION ( 'NONE',  ( -1.000000000000000000, -1.224646799147352961E-16, 0.000000000000000000 ) ) ;
#501 =( LENGTH_UNIT ( ) NAMED_UNIT ( * ) SI_UNIT ( .MILLI., .METRE. ) );
#502 = LINE ( 'NONE', #658, #1802 ) ;
#503 = ORIENTED_EDGE ( 'NONE', *, *, #673, .F. ) ;
#504 = CIRCLE ( 'NONE', #1031, 4.638304088577973161 ) ;
#505 = LINE ( 'NONE', #977, #746 ) ;
#506 = LINE ( 'NONE', #529, #1519 ) ;
#507 = CARTESIAN_POINT ( 'NONE',  ( 2.963081958162749324E-15, 7.500000000000000000, 0.000000000000000000 ) ) ;
#508 = DIRECTION ( 'NONE',  ( -0.9659258262890680902, 0.000000000000000000, 0.2588190451025214611 ) ) ;
#509 = DIRECTION ( 'NONE',  ( -8.471437808178905977E-17, 1.000000000000000000, -0.000000000000000000 ) ) ;
#510 = ORIENTED_EDGE ( 'NONE', *, *, #310, .T. ) ;
#511 = DIRECTION ( 'NONE',  ( -1.000000000000000000, -1.224646799147352961E-16, -6.510407777383781463E-49 ) ) ;
#512 = DIRECTION ( 'NONE',  ( 1.000000000000000000, 0.000000000000000000, 0.000000000000000000 ) ) ;
#513 = VECTOR ( 'NONE', #1438, 1000.000000000000114 ) ;
#514 = DIRECTION ( 'NONE',  ( -8.471437808178905977E-17, 1.000000000000000000, -0.000000000000000000 ) ) ;
#515 = CIRCLE ( 'NONE', #1553, 3.999999999999993339 ) ;
#516 = COLOUR_RGB ( '',0.7921568627450980005, 0.8196078431372548767, 0.9333333333333333481 ) ;
#517 = EDGE_CURVE ( 'NONE', #379, #316, #479, .T. ) ;
#518 = AXIS2_PLACEMENT_3D ( 'NONE', #398, #1965, #1666 ) ;
#519 = CARTESIAN_POINT ( 'NONE',  ( -2.199999999999983302, -19.70000000000000284, 3.429011037612599630E-16 ) ) ;
#520 = ORIENTED_EDGE ( 'NONE', *, *, #2059, .T. ) ;
#521 = EDGE_CURVE ( 'NONE', #1379, #1980, #545, .T. ) ;
#522 = LINE ( 'NONE', #527, #972 ) ;
#523 = CARTESIAN_POINT ( 'NONE',  ( 3.665263370754607290E-16, 19.99999999999999645, 0.000000000000000000 ) ) ;
#524 = LINE ( 'NONE', #566, #1898 ) ;
#525 = CYLINDRICAL_SURFACE ( 'NONE', #1652, 4.999999999999992006 ) ;
#526 = ORIENTED_EDGE ( 'NONE', *, *, #1199, .F. ) ;
#527 = CARTESIAN_POINT ( 'NONE',  ( 2.565784930203601544, 19.99999999999999645, -0.6875000000000001110 ) ) ;
#528 = CONICAL_SURFACE ( 'NONE', #803, 4.480847955711000807, 0.6108652381980117507 ) ;
#529 = CARTESIAN_POINT ( 'NONE',  ( 2.656296022294936332, 19.99999999999999645, 0.7117523740319290360 ) ) ;
#530 = ORIENTED_EDGE ( 'NONE', *, *, #741, .T. ) ;
#531 = DIRECTION ( 'NONE',  ( 0.2588190451025214611, 3.169619151431773569E-17, 0.9659258262890680902 ) ) ;
#532 = CARTESIAN_POINT ( 'NONE',  ( 1.734723475976807883E-15, 22.00000000000000000, 0.000000000000000000 ) ) ;
#533 = DIRECTION ( 'NONE',  ( -1.000000000000000000, -8.471437808178905977E-17, 0.000000000000000000 ) ) ;
#534 = EDGE_CURVE ( 'NONE', #875, #134, #1903, .T. ) ;
#535 = FILL_AREA_STYLE_COLOUR ( '', #1176 ) ;
#536 = ORIENTED_EDGE ( 'NONE', *, *, #310, .F. ) ;
#537 = CARTESIAN_POINT ( 'NONE',  ( 4.153481053042989757, 4.445599971356434033, 1.112921893940840068 ) ) ;
#538 = VERTEX_POINT ( 'NONE', #1206 ) ;
#539 = ORIENTED_EDGE ( 'NONE', *, *, #845, .F. ) ;
#540 = ADVANCED_FACE ( 'NONE', ( #1220 ), #680, .T. ) ;
#541 = VECTOR ( 'NONE', #1110, 1000.000000000000000 ) ;
#542 = AXIS2_PLACEMENT_3D ( 'NONE', #239, #874, #511 ) ;
#543 = CARTESIAN_POINT ( 'NONE',  ( -2.749999999999999556, 19.99999999999999645, 3.367778697655221012E-16 ) ) ;
#544 = VERTEX_POINT ( 'NONE', #1571 ) ;
#545 = CIRCLE ( 'NONE', #648, 0.9999999999999970024 ) ;
#546 = DIRECTION ( 'NONE',  ( 0.2588190451025214611, 3.169619151431774186E-17, 0.9659258262890680902 ) ) ;
#547 = VECTOR ( 'NONE', #1638, 1000.000000000000114 ) ;
#548 = ADVANCED_FACE ( 'NONE', ( #152 ), #791, .T. ) ;
#549 = LINE ( 'NONE', #1337, #653 ) ;
#550 = CARTESIAN_POINT ( 'NONE',  ( 3.386653848571694376E-15, 2.499999999999998668, 0.000000000000000000 ) ) ;
#551 = EDGE_LOOP ( 'NONE', ( #1242, #487, #621, #416 ) ) ;
#552 = ADVANCED_FACE ( 'NONE', ( #778 ), #1865, .F. ) ;
#553 = AXIS2_PLACEMENT_3D ( 'NONE', #1440, #1507, #1192 ) ;
#554 = DIRECTION ( 'NONE',  ( -1.000000000000000000, -8.673617379884051496E-17, 0.000000000000000000 ) ) ;
#555 = ORIENTED_EDGE ( 'NONE', *, *, #111, .T. ) ;
#556 = EDGE_LOOP ( 'NONE', ( #439, #1138, #1891, #2017 ) ) ;
#557 = CARTESIAN_POINT ( 'NONE',  ( 5.131368719056444882E-15, 0.5000000000000004441, 0.000000000000000000 ) ) ;
#558 = VERTEX_POINT ( 'NONE', #490 ) ;
#559 = DIRECTION ( 'NONE',  ( -1.224646799147352961E-16, 1.000000000000000000, -4.279844320860525334E-32 ) ) ;
#560 = EDGE_CURVE ( 'NONE', #1835, #647, #715, .T. ) ;
#561 = CARTESIAN_POINT ( 'NONE',  ( 4.153481053042988869, 5.554400028643567744, -1.112921893940841178 ) ) ;
#562 = DIRECTION ( 'NONE',  ( 2.443508913836402395E-16, -1.000000000000000000, -0.000000000000000000 ) ) ;
#563 = ORIENTED_EDGE ( 'NONE', *, *, #560, .F. ) ;
#564 = EDGE_LOOP ( 'NONE', ( #140, #259 ) ) ;
#565 = EDGE_LOOP ( 'NONE', ( #695, #83, #1818, #232 ) ) ;
#566 = CARTESIAN_POINT ( 'NONE',  ( -4.999999999999990230, 22.00000000000000000, 0.000000000000000000 ) ) ;
#567 = ORIENTED_EDGE ( 'NONE', *, *, #1879, .F. ) ;
#568 = AXIS2_PLACEMENT_3D ( 'NONE', #1669, #400, #1055 ) ;
#569 = FACE_OUTER_BOUND ( 'NONE', #1355, .T. ) ;
#570 = LINE ( 'NONE', #298, #513 ) ;
#571 = DIRECTION ( 'NONE',  ( -1.000000000000000000, 0.000000000000000000, 0.000000000000000000 ) ) ;
#572 = CARTESIAN_POINT ( 'NONE',  ( 3.429011037612588881E-15, 2.000000000000001776, 0.000000000000000000 ) ) ;
#573 = ORIENTED_EDGE ( 'NONE', *, *, #897, .F. ) ;
#574 = ORIENTED_EDGE ( 'NONE', *, *, #1474, .F. ) ;
#575 = ORIENTED_EDGE ( 'NONE', *, *, #1076, .F. ) ;
#576 = SURFACE_SIDE_STYLE ('',( #1229 ) ) ;
#577 = ORIENTED_EDGE ( 'NONE', *, *, #1649, .F. ) ;
#578 = CIRCLE ( 'NONE', #1921, 4.299999999999988276 ) ;
#579 = DIRECTION ( 'NONE',  ( 1.000000000000000000, 8.673617379884042375E-16, 0.000000000000000000 ) ) ;
#580 = DIRECTION ( 'NONE',  ( 8.471437808178905977E-17, -1.000000000000000000, 0.000000000000000000 ) ) ;
#581 = AXIS2_PLACEMENT_3D ( 'NONE', #1368, #1538, #743 ) ;
#582 =( GEOMETRIC_REPRESENTATION_CONTEXT ( 3 ) GLOBAL_UNCERTAINTY_ASSIGNED_CONTEXT ( ( #1443 ) ) GLOBAL_UNIT_ASSIGNED_CONTEXT ( ( #262, #1172, #731 ) ) REPRESENTATION_CONTEXT ( 'NONE', 'WORKASPACE' ) );
#583 = EDGE_CURVE ( 'NONE', #74, #891, #1047, .T. ) ;
#584 = CARTESIAN_POINT ( 'NONE',  ( 2.500000000000016875, -14.69999999999999396, -5.082284216461514170E-16 ) ) ;
#585 = DIRECTION ( 'NONE',  ( 0.9659258262890680902, 0.000000000000000000, 0.2588190451025215721 ) ) ;
#586 = CIRCLE ( 'NONE', #1926, 0.9999999999999977796 ) ;
#587 = AXIS2_PLACEMENT_3D ( 'NONE', #1169, #716, #1183 ) ;
#588 = EDGE_LOOP ( 'NONE', ( #1012, #1321 ) ) ;
#589 = VERTEX_POINT ( 'NONE', #103 ) ;
#590 = EDGE_CURVE ( 'NONE', #315, #86, #421, .T. ) ;
#591 = VECTOR ( 'NONE', #333, 1000.000000000000114 ) ;
#592 = FILL_AREA_STYLE ('',( #122 ) ) ;
#593 = ORIENTED_EDGE ( 'NONE', *, *, #521, .T. ) ;
#594 = CARTESIAN_POINT ( 'NONE',  ( 4.829629131445337897, 7.500000000000000000, 1.294095225512604586 ) ) ;
#595 =( NAMED_UNIT ( * ) SI_UNIT ( $, .STERADIAN. ) SOLID_ANGLE_UNIT ( ) );
#596 = LINE ( 'NONE', #1907, #785 ) ;
#597 = EDGE_LOOP ( 'NONE', ( #241, #604, #101, #1258 ) ) ;
#598 = ORIENTED_EDGE ( 'NONE', *, *, #195, .F. ) ;
#599 = VERTEX_POINT ( 'NONE', #1414 ) ;
#600 = CARTESIAN_POINT ( 'NONE',  ( 6.038204023953057183E-15, 19.99999999999999645, -2.274218133642369243E-15 ) ) ;
#601 = AXIS2_PLACEMENT_3D ( 'NONE', #833, #1930, #1609 ) ;
#602 = EDGE_CURVE ( 'NONE', #436, #1947, #1480, .T. ) ;
#603 = EDGE_LOOP ( 'NONE', ( #1092, #230, #974, #1061 ) ) ;
#604 = ORIENTED_EDGE ( 'NONE', *, *, #1897, .F. ) ;
#605 =( NAMED_UNIT ( * ) PLANE_ANGLE_UNIT ( ) SI_UNIT ( $, .RADIAN. ) );
#606 = ADVANCED_FACE ( 'NONE', ( #1376 ), #356, .T. ) ;
#607 = ORIENTED_EDGE ( 'NONE', *, *, #324, .T. ) ;
#608 = DIRECTION ( 'NONE',  ( -1.224646799147352961E-16, 1.000000000000000000, -4.279844320860525334E-32 ) ) ;
#609 = CIRCLE ( 'NONE', #1307, 4.638304088577971385 ) ;
#610 = DIRECTION ( 'NONE',  ( 0.9659258262890682012, 0.000000000000000000, 0.2588190451025210170 ) ) ;
#611 = ADVANCED_FACE ( 'NONE', ( #378 ), #1632, .T. ) ;
#612 =( LENGTH_UNIT ( ) NAMED_UNIT ( * ) SI_UNIT ( .MILLI., .METRE. ) );
#613 = AXIS2_PLACEMENT_3D ( 'NONE', #962, #1731, #1111 ) ;
#614 = AXIS2_PLACEMENT_3D ( 'NONE', #1131, #844, #808 ) ;
#615 = DIRECTION ( 'NONE',  ( 0.9659258262890680902, 0.000000000000000000, -0.2588190451025216277 ) ) ;
#616 = EDGE_LOOP ( 'NONE', ( #1832, #85, #1682, #480 ) ) ;
#617 = ADVANCED_FACE ( 'NONE', ( #1933 ), #1808, .T. ) ;
#618 = AXIS2_PLACEMENT_3D ( 'NONE', #802, #1779, #358 ) ;
#619 = CYLINDRICAL_SURFACE ( 'NONE', #1477, 4.299999999999992717 ) ;
#620 = CARTESIAN_POINT ( 'NONE',  ( 2.656296022294936776, 22.00000000000000000, 0.7117523740319325887 ) ) ;
#621 = ORIENTED_EDGE ( 'NONE', *, *, #484, .T. ) ;
#622 = CIRCLE ( 'NONE', #1087, 2.749999999999996891 ) ;
#623 = DIRECTION ( 'NONE',  ( -1.000000000000000000, -8.471437808178905977E-17, 0.000000000000000000 ) ) ;
#624 = PLANE ( 'NONE',  #655 ) ;
#625 = CARTESIAN_POINT ( 'NONE',  ( 2.897777478867199719, 2.000000000000000444, -0.7764571353075625515 ) ) ;
#626 = CARTESIAN_POINT ( 'NONE',  ( 6.038204023953057183E-15, 19.99999999999999645, -2.274218133642369243E-15 ) ) ;
#627 = ORIENTED_EDGE ( 'NONE', *, *, #1346, .F. ) ;
#628 = LINE ( 'NONE', #1265, #113 ) ;
#629 = CARTESIAN_POINT ( 'NONE',  ( 3.999999999999994671, 22.00000000000000000, 0.000000000000000000 ) ) ;
#630 = ORIENTED_EDGE ( 'NONE', *, *, #264, .F. ) ;
#631 = CARTESIAN_POINT ( 'NONE',  ( 4.153481053042988869, 4.445599971356434033, -1.112921893940841178 ) ) ;
#632 = EDGE_CURVE ( 'NONE', #1854, #1550, #515, .T. ) ;
#633 = ADVANCED_FACE ( 'NONE', ( #1624 ), #1684, .T. ) ;
#634 = CARTESIAN_POINT ( 'NONE',  ( 2.499999999999999556, 0.5000000000000023315, -5.082284216461514170E-16 ) ) ;
#635 = CIRCLE ( 'NONE', #442, 4.299999999999993605 ) ;
#636 = DIRECTION ( 'NONE',  ( 0.000000000000000000, 1.000000000000000000, 0.000000000000000000 ) ) ;
#637 = AXIS2_PLACEMENT_3D ( 'NONE', #920, #1567, #1558 ) ;
#638 = LINE ( 'NONE', #1578, #1569 ) ;
#639 = ORIENTED_EDGE ( 'NONE', *, *, #915, .F. ) ;
#640 = CARTESIAN_POINT ( 'NONE',  ( 7.807279800621531835E-15, 5.554400028643567744, -2.274218133642368454E-15 ) ) ;
#641 = EDGE_CURVE ( 'NONE', #198, #1913, #506, .T. ) ;
#642 = DIRECTION ( 'NONE',  ( 0.2588190451025215721, 3.169619151431774802E-17, -0.9659258262890680902 ) ) ;
#643 = EDGE_CURVE ( 'NONE', #1373, #131, #1647, .T. ) ;
#644 = CARTESIAN_POINT ( 'NONE',  ( 8.013311499411005456E-15, 3.872023535005382655, -2.274218133642368454E-15 ) ) ;
#645 = CIRCLE ( 'NONE', #581, 2.749999999999992895 ) ;
#646 = CARTESIAN_POINT ( 'NONE',  ( 6.038204023953057183E-15, 19.99999999999999645, -2.274218133642369243E-15 ) ) ;
#647 = VERTEX_POINT ( 'NONE', #669 ) ;
#648 = AXIS2_PLACEMENT_3D ( 'NONE', #956, #642, #419 ) ;
#649 = CIRCLE ( 'NONE', #1819, 0.9999999999999978906 ) ;
#650 = CARTESIAN_POINT ( 'NONE',  ( 8.242568262418293794E-15, 2.000000000000000000, -2.274218133642368454E-15 ) ) ;
#651 = CARTESIAN_POINT ( 'NONE',  ( 4.829629131445337897, 0.000000000000000000, -1.294095225512605030 ) ) ;
#652 = ADVANCED_FACE ( 'NONE', ( #1767 ), #194, .F. ) ;
#653 = VECTOR ( 'NONE', #1040, 1000.000000000000000 ) ;
#654 = DIRECTION ( 'NONE',  ( -1.224646799147352961E-16, 1.000000000000000000, -4.279844320860525334E-32 ) ) ;
#655 = AXIS2_PLACEMENT_3D ( 'NONE', #584, #2065, #938 ) ;
#656 = AXIS2_PLACEMENT_3D ( 'NONE', #78, #1525, #1509 ) ;
#657 = DIRECTION ( 'NONE',  ( 2.443508913836402395E-16, -1.000000000000000000, -0.000000000000000000 ) ) ;
#658 = CARTESIAN_POINT ( 'NONE',  ( 4.829629131445337897, 2.000000000000000444, 1.294095225512600367 ) ) ;
#659 = EDGE_LOOP ( 'NONE', ( #1695, #1559, #1180, #1568 ) ) ;
#660 = CARTESIAN_POINT ( 'NONE',  ( -2.749999999999994671, -2.329645397249198281E-16, 0.000000000000000000 ) ) ;
#661 = DIRECTION ( 'NONE',  ( -8.471437808178905977E-17, 1.000000000000000000, -0.000000000000000000 ) ) ;
#662 = CARTESIAN_POINT ( 'NONE',  ( -2.749999999999995559, 19.99999999999999645, 0.000000000000000000 ) ) ;
#663 = DIRECTION ( 'NONE',  ( 8.471437808178905977E-17, -1.000000000000000000, 0.000000000000000000 ) ) ;
#664 = DIRECTION ( 'NONE',  ( -1.000000000000000000, -8.471437808178904745E-17, 0.000000000000000000 ) ) ;
#665 = ORIENTED_EDGE ( 'NONE', *, *, #1001, .T. ) ;
#666 = AXIS2_PLACEMENT_3D ( 'NONE', #646, #367, #348 ) ;
#667 = EDGE_CURVE ( 'NONE', #477, #686, #1956, .T. ) ;
#668 = CARTESIAN_POINT ( 'NONE',  ( 8.013311499411005456E-15, 3.872023535005382655, -2.274218133642368454E-15 ) ) ;
#669 = CARTESIAN_POINT ( 'NONE',  ( -4.638304088577969608, 3.647152872702094761, 0.000000000000000000 ) ) ;
#670 = EDGE_CURVE ( 'NONE', #1823, #709, #27, .T. ) ;
#671 = CARTESIAN_POINT ( 'NONE',  ( 7.943068644726640130E-15, 4.445599971356434033, -2.274218133642368454E-15 ) ) ;
#672 = PLANE ( 'NONE',  #1052 ) ;
#673 = EDGE_CURVE ( 'NONE', #134, #538, #344, .T. ) ;
#674 = DIRECTION ( 'NONE',  ( -1.000000000000000000, 0.000000000000000000, 0.000000000000000000 ) ) ;
#675 = ORIENTED_EDGE ( 'NONE', *, *, #29, .F. ) ;
#676 = CIRCLE ( 'NONE', #1078, 2.750000000000001776 ) ;
#677 = PLANE ( 'NONE',  #1115 ) ;
#678 = EDGE_CURVE ( 'NONE', #436, #263, #14, .T. ) ;
#679 = FACE_OUTER_BOUND ( 'NONE', #1857, .T. ) ;
#680 = TOROIDAL_SURFACE ( 'NONE', #453, 2.999999999999990674, 2.000000000000000888 ) ;
#681 = LINE ( 'NONE', #1825, #190 ) ;
#682 = AXIS2_PLACEMENT_3D ( 'NONE', #644, #196, #38 ) ;
#683 = CARTESIAN_POINT ( 'NONE',  ( 1.734723475976807883E-15, 22.00000000000000000, 0.000000000000000000 ) ) ;
#684 = AXIS2_PLACEMENT_3D ( 'NONE', #963, #1607, #1934 ) ;
#685 = DIRECTION ( 'NONE',  ( -1.000000000000000000, 0.000000000000000000, 0.000000000000000000 ) ) ;
#686 = VERTEX_POINT ( 'NONE', #182 ) ;
#687 = DIRECTION ( 'NONE',  ( -1.224646799147352961E-16, 1.000000000000000000, -4.279844320860525334E-32 ) ) ;
#688 = CARTESIAN_POINT ( 'NONE',  ( -2.168404344971008128E-16, 2.000000000000001332, 0.000000000000000000 ) ) ;
#689 = EDGE_LOOP ( 'NONE', ( #1333, #1937, #1878, #1108 ) ) ;
#690 = DIRECTION ( 'NONE',  ( -8.471437808178905977E-17, 1.000000000000000000, -0.000000000000000000 ) ) ;
#691 = EDGE_CURVE ( 'NONE', #1765, #392, #1718, .T. ) ;
#692 = DIRECTION ( 'NONE',  ( -1.224646799147352961E-16, 1.000000000000000000, -4.279844320860525334E-32 ) ) ;
#693 = DIRECTION ( 'NONE',  ( 1.000000000000000000, 2.443508913836402395E-16, 0.000000000000000000 ) ) ;
#694 = DIRECTION ( 'NONE',  ( -0.2588190451025215721, -3.169619151431774802E-17, -0.9659258262890680902 ) ) ;
#695 = ORIENTED_EDGE ( 'NONE', *, *, #405, .F. ) ;
#696 = CARTESIAN_POINT ( 'NONE',  ( 6.038204023953057972E-15, 19.99999999999999645, -2.274218133642368849E-15 ) ) ;
#697 = VECTOR ( 'NONE', #1469, 1000.000000000000227 ) ;
#698 = ORIENTED_EDGE ( 'NONE', *, *, #1883, .T. ) ;
#699 = ORIENTED_EDGE ( 'NONE', *, *, #1304, .T. ) ;
#700 = EDGE_CURVE ( 'NONE', #466, #589, #1287, .T. ) ;
#701 = DIRECTION ( 'NONE',  ( -1.224646799147353207E-16, 1.000000000000000000, -0.000000000000000000 ) ) ;
#702 = ORIENTED_EDGE ( 'NONE', *, *, #1820, .T. ) ;
#703 = DIRECTION ( 'NONE',  ( -8.471437808178905977E-17, 1.000000000000000000, -0.000000000000000000 ) ) ;
#704 = ADVANCED_FACE ( 'NONE', ( #1158 ), #371, .T. ) ;
#705 = DIRECTION ( 'NONE',  ( -1.000000000000000000, 0.000000000000000000, 0.000000000000000000 ) ) ;
#706 = FACE_OUTER_BOUND ( 'NONE', #1023, .T. ) ;
#707 = ORIENTED_EDGE ( 'NONE', *, *, #2008, .F. ) ;
#708 = CARTESIAN_POINT ( 'NONE',  ( 4.829629131445336121, 20.99999999999999645, 1.294095225512600589 ) ) ;
#709 = VERTEX_POINT ( 'NONE', #979 ) ;
#710 = ORIENTED_EDGE ( 'NONE', *, *, #264, .T. ) ;
#711 = VECTOR ( 'NONE', #150, 1000.000000000000227 ) ;
#712 = CIRCLE ( 'NONE', #1855, 1.000000000000000222 ) ;
#713 = DIRECTION ( 'NONE',  ( -8.471437808178905977E-17, 1.000000000000000000, -0.000000000000000000 ) ) ;
#714 = ORIENTED_EDGE ( 'NONE', *, *, #1039, .T. ) ;
#715 = CIRCLE ( 'NONE', #613, 4.638304088577973161 ) ;
#716 = DIRECTION ( 'NONE',  ( -8.471437808178905977E-17, 1.000000000000000000, -0.000000000000000000 ) ) ;
#717 = AXIS2_PLACEMENT_3D ( 'NONE', #386, #1851, #1002 ) ;
#718 = CIRCLE ( 'NONE', #587, 4.638304088577973161 ) ;
#719 = CARTESIAN_POINT ( 'NONE',  ( 1.904152232140386299E-15, 19.99999999999999645, 0.000000000000000000 ) ) ;
#720 = TOROIDAL_SURFACE ( 'NONE', #1895, 2.999999999999991118, 2.000000000000000000 ) ;
#721 = FILL_AREA_STYLE ('',( #535 ) ) ;
#722 = ORIENTED_EDGE ( 'NONE', *, *, #1696, .F. ) ;
#723 = AXIS2_PLACEMENT_3D ( 'NONE', #1810, #713, #1475 ) ;
#724 = VERTEX_POINT ( 'NONE', #988 ) ;
#725 = ORIENTED_EDGE ( 'NONE', *, *, #1352, .F. ) ;
#726 = EDGE_CURVE ( 'NONE', #198, #538, #284, .T. ) ;
#727 = CARTESIAN_POINT ( 'NONE',  ( 2.897777478867199719, 2.000000000000000444, -0.7764571353075632176 ) ) ;
#728 = ORIENTED_EDGE ( 'NONE', *, *, #1949, .F. ) ;
#729 = CARTESIAN_POINT ( 'NONE',  ( 1.734723475976807883E-15, 22.00000000000000000, 0.000000000000000000 ) ) ;
#730 = CARTESIAN_POINT ( 'NONE',  ( 4.829629131445337897, 2.499999999999999556, -1.294095225512605030 ) ) ;
#731 =( NAMED_UNIT ( * ) SI_UNIT ( $, .STERADIAN. ) SOLID_ANGLE_UNIT ( ) );
#732 = ORIENTED_EDGE ( 'NONE', *, *, #932, .F. ) ;
#733 = ORIENTED_EDGE ( 'NONE', *, *, #1113, .T. ) ;
#734 = ORIENTED_EDGE ( 'NONE', *, *, #25, .T. ) ;
#735 = EDGE_LOOP ( 'NONE', ( #1190, #1748, #1101, #1837 ) ) ;
#736 = AXIS2_PLACEMENT_3D ( 'NONE', #197, #1764, #1444 ) ;
#737 = ADVANCED_FACE ( 'NONE', ( #679 ), #1797, .T. ) ;
#738 = LINE ( 'NONE', #1626, #1288 ) ;
#739 = DIRECTION ( 'NONE',  ( -8.471437808178905977E-17, 1.000000000000000000, -0.000000000000000000 ) ) ;
#740 = FACE_OUTER_BOUND ( 'NONE', #5, .T. ) ;
#741 = EDGE_CURVE ( 'NONE', #1465, #1773, #1347, .T. ) ;
#742 = PLANE ( 'NONE',  #568 ) ;
#743 = DIRECTION ( 'NONE',  ( -1.000000000000000000, -1.577021341797101505E-16, 0.000000000000000000 ) ) ;
#744 = ORIENTED_EDGE ( 'NONE', *, *, #1754, .T. ) ;
#745 = ORIENTED_EDGE ( 'NONE', *, *, #420, .F. ) ;
#746 = VECTOR ( 'NONE', #1623, 1000.000000000000000 ) ;
#747 = VERTEX_POINT ( 'NONE', #1830 ) ;
#748 = AXIS2_PLACEMENT_3D ( 'NONE', #430, #133, #1060 ) ;
#749 = CARTESIAN_POINT ( 'NONE',  ( 1.904152232140386299E-15, 19.99999999999999645, 0.000000000000000000 ) ) ;
#750 = AXIS2_PLACEMENT_3D ( 'NONE', #115, #1546, #784 ) ;
#751 = SURFACE_STYLE_FILL_AREA ( #114 ) ;
#752 = DIRECTION ( 'NONE',  ( -0.9659258262890680902, 0.000000000000000000, 0.2588190451025215721 ) ) ;
#753 = AXIS2_PLACEMENT_3D ( 'NONE', #523, #207, #512 ) ;
#754 = STYLED_ITEM ( 'NONE', ( #1770 ), #1018 ) ;
#755 = FILL_AREA_STYLE_COLOUR ( '', #1080 ) ;
#756 = EDGE_LOOP ( 'NONE', ( #1227, #1237, #1079, #1415, #40, #1530, #427, #1457, #573, #51, #1522, #1032, #806, #24, #869, #1201, #244, #220 ) ) ;
#757 = ORIENTED_EDGE ( 'NONE', *, *, #1072, .F. ) ;
#758 = AXIS2_PLACEMENT_3D ( 'NONE', #1062, #1534, #1719 ) ;
#759 =( LENGTH_UNIT ( ) NAMED_UNIT ( * ) SI_UNIT ( .MILLI., .METRE. ) );
#760 = ORIENTED_EDGE ( 'NONE', *, *, #484, .F. ) ;
#761 = CARTESIAN_POINT ( 'NONE',  ( 3.127902249732155881E-15, 5.554400028643567744, 0.000000000000000000 ) ) ;
#762 = EDGE_CURVE ( 'NONE', #1705, #1683, #321, .T. ) ;
#763 = CARTESIAN_POINT ( 'NONE',  ( 3.429011037612588881E-15, 2.000000000000000000, 0.000000000000000000 ) ) ;
#764 = FILL_AREA_STYLE_COLOUR ( '', #1116 ) ;
#765 = ADVANCED_FACE ( 'NONE', ( #1527 ), #976, .F. ) ;
#766 =( NAMED_UNIT ( * ) SI_UNIT ( $, .STERADIAN. ) SOLID_ANGLE_UNIT ( ) );
#767 = CARTESIAN_POINT ( 'NONE',  ( 3.598439793776166902E-15, 0.000000000000000000, 0.000000000000000000 ) ) ;
#768 = ORIENTED_EDGE ( 'NONE', *, *, #186, .F. ) ;
#769 = ORIENTED_EDGE ( 'NONE', *, *, #1102, .F. ) ;
#770 = ADVANCED_FACE ( 'NONE', ( #1377 ), #422, .T. ) ;
#771 = DIRECTION ( 'NONE',  ( 1.000000000000000000, 9.349987855737187700E-17, 0.000000000000000000 ) ) ;
#772 = AXIS2_PLACEMENT_3D ( 'NONE', #767, #1088, #951 ) ;
#773 = PLANE ( 'NONE',  #1219 ) ;
#774 = EDGE_CURVE ( 'NONE', #2072, #1341, #848, .T. ) ;
#775 = DIRECTION ( 'NONE',  ( -8.471437808178905977E-17, 1.000000000000000000, -0.000000000000000000 ) ) ;
#776 = VERTEX_POINT ( 'NONE', #376 ) ;
#777 = ORIENTED_EDGE ( 'NONE', *, *, #242, .F. ) ;
#778 = FACE_OUTER_BOUND ( 'NONE', #1245, .T. ) ;
#779 = ORIENTED_EDGE ( 'NONE', *, *, #313, .F. ) ;
#780 = PRODUCT_RELATED_PRODUCT_CATEGORY ( 'part', '', ( #2052 ) ) ;
#781 = CARTESIAN_POINT ( 'NONE',  ( 3.469446951953614189E-15, 2.000000000000000000, 0.000000000000000000 ) ) ;
#782 = AXIS2_PLACEMENT_3D ( 'NONE', #1531, #1890, #109 ) ;
#783 = DIRECTION ( 'NONE',  ( 1.000000000000000000, 0.000000000000000000, 0.000000000000000000 ) ) ;
#784 = DIRECTION ( 'NONE',  ( -1.000000000000000000, -1.577021341797098793E-16, 0.000000000000000000 ) ) ;
#785 = VECTOR ( 'NONE', #1400, 1000.000000000000000 ) ;
#786 = AXIS2_PLACEMENT_3D ( 'NONE', #837, #1473, #42 ) ;
#787 = ORIENTED_EDGE ( 'NONE', *, *, #1788, .F. ) ;
#788 = ORIENTED_EDGE ( 'NONE', *, *, #1746, .T. ) ;
#789 = CIRCLE ( 'NONE', #919, 0.9999999999999978906 ) ;
#790 = DIRECTION ( 'NONE',  ( 2.443508913836402395E-16, -1.000000000000000000, -0.000000000000000000 ) ) ;
#791 = CYLINDRICAL_SURFACE ( 'NONE', #1955, 4.999999999999986677 ) ;
#792 = ORIENTED_EDGE ( 'NONE', *, *, #1304, .F. ) ;
#793 = VECTOR ( 'NONE', #1543, 1000.000000000000000 ) ;
#794 = DIRECTION ( 'NONE',  ( -1.000000000000000000, 0.000000000000000000, 0.000000000000000000 ) ) ;
#795 =( NAMED_UNIT ( * ) PLANE_ANGLE_UNIT ( ) SI_UNIT ( $, .RADIAN. ) );
#796 = CARTESIAN_POINT ( 'NONE',  ( 2.749999999999999112, 19.99999999999999645, 0.000000000000000000 ) ) ;
#797 = EDGE_LOOP ( 'NONE', ( #1128, #787, #931 ) ) ;
#798 = DIRECTION ( 'NONE',  ( 0.2588190451025214611, 3.169619151431774186E-17, 0.9659258262890680902 ) ) ;
#799 = CARTESIAN_POINT ( 'NONE',  ( -2.999999999999988010, 1.999999999999999556, 0.000000000000000000 ) ) ;
#800 = ORIENTED_EDGE ( 'NONE', *, *, #43, .F. ) ;
#801 = CARTESIAN_POINT ( 'NONE',  ( 2.656296022294939441, 0.000000000000000000, -0.7117523740319324776 ) ) ;
#802 = CARTESIAN_POINT ( 'NONE',  ( 3.469446951953614189E-15, 2.500000000000000000, 0.000000000000000000 ) ) ;
#803 = AXIS2_PLACEMENT_3D ( 'NONE', #1794, #338, #674 ) ;
#804 = ADVANCED_FACE ( 'NONE', ( #871 ), #253, .T. ) ;
#805 = DIRECTION ( 'NONE',  ( -1.224646799147352961E-16, 1.000000000000000000, -4.279844320860525334E-32 ) ) ;
#806 = ORIENTED_EDGE ( 'NONE', *, *, #823, .F. ) ;
#807 = DIRECTION ( 'NONE',  ( -1.000000000000000000, -2.017120320903269619E-16, 0.000000000000000000 ) ) ;
#808 = DIRECTION ( 'NONE',  ( -1.000000000000000000, -8.673617379884051496E-17, 0.000000000000000000 ) ) ;
#809 = DIRECTION ( 'NONE',  ( -1.000000000000000000, 0.000000000000000000, 0.000000000000000000 ) ) ;
#810 = DIRECTION ( 'NONE',  ( 1.000000000000000000, 8.471437808178905977E-17, 0.000000000000000000 ) ) ;
#811 = AXIS2_PLACEMENT_3D ( 'NONE', #909, #1239, #447 ) ;
#812 = CARTESIAN_POINT ( 'NONE',  ( -4.299999999999989164, 4.445599971356430480, 0.000000000000000000 ) ) ;
#813 = ORIENTED_EDGE ( 'NONE', *, *, #1234, .T. ) ;
#814 =( GEOMETRIC_REPRESENTATION_CONTEXT ( 3 ) GLOBAL_UNCERTAINTY_ASSIGNED_CONTEXT ( ( #1126 ) ) GLOBAL_UNIT_ASSIGNED_CONTEXT ( ( #612, #795, #435 ) ) REPRESENTATION_CONTEXT ( 'NONE', 'WORKASPACE' ) );
#815 = CARTESIAN_POINT ( 'NONE',  ( 4.328166764095835006, 3.872023535005383543, -1.159728789146708072 ) ) ;
#816 = DIRECTION ( 'NONE',  ( -1.224646799147352961E-16, 1.000000000000000000, -4.279844320860525334E-32 ) ) ;
#817 = AXIS2_PLACEMENT_3D ( 'NONE', #763, #1399, #831 ) ;
#818 = DIRECTION ( 'NONE',  ( -1.000000000000000000, 0.000000000000000000, 0.000000000000000000 ) ) ;
#819 = APPLICATION_CONTEXT ( 'automotive_design' ) ;
#820 = AXIS2_PLACEMENT_3D ( 'NONE', #1375, #127, #279 ) ;
#821 = CIRCLE ( 'NONE', #1255, 1.000000000000000222 ) ;
#822 = DIRECTION ( 'NONE',  ( 1.000000000000000000, 7.228014483236697541E-16, 0.000000000000000000 ) ) ;
#823 = EDGE_CURVE ( 'NONE', #1675, #1301, #1859, .T. ) ;
#824 = LINE ( 'NONE', #1155, #1498 ) ;
#825 = VERTEX_POINT ( 'NONE', #730 ) ;
#826 = EDGE_CURVE ( 'NONE', #309, #1665, #1083, .T. ) ;
#827 = CYLINDRICAL_SURFACE ( 'NONE', #245, 4.999999999999991118 ) ;
#828 = DIRECTION ( 'NONE',  ( -1.000000000000000000, 0.000000000000000000, 0.000000000000000000 ) ) ;
#829 = DIRECTION ( 'NONE',  ( -8.471437808178905977E-17, 1.000000000000000000, -0.000000000000000000 ) ) ;
#830 = EDGE_CURVE ( 'NONE', #1980, #1493, #549, .T. ) ;
#831 = DIRECTION ( 'NONE',  ( -1.000000000000000000, -8.471437808178905977E-17, 0.000000000000000000 ) ) ;
#832 = EDGE_CURVE ( 'NONE', #1445, #1163, #425, .T. ) ;
#833 = CARTESIAN_POINT ( 'NONE',  ( 2.897777478867198830, 7.500000000000000000, 0.7764571353075624405 ) ) ;
#834 = ORIENTED_EDGE ( 'NONE', *, *, #1496, .T. ) ;
#835 = CIRCLE ( 'NONE', #865, 2.999999999999991562 ) ;
#836 = DIRECTION ( 'NONE',  ( 2.443508913836402395E-16, -1.000000000000000000, -0.000000000000000000 ) ) ;
#837 = CARTESIAN_POINT ( 'NONE',  ( 6.038204023953057183E-15, 19.99999999999999645, -2.274218133642369243E-15 ) ) ;
#838 = CARTESIAN_POINT ( 'NONE',  ( -4.299999999999990052, 5.554400028643567744, 0.000000000000000000 ) ) ;
#839 = FACE_OUTER_BOUND ( 'NONE', #1672, .T. ) ;
#840 = DIRECTION ( 'NONE',  ( -8.471437808178905977E-17, 1.000000000000000000, -0.000000000000000000 ) ) ;
#841 = ORIENTED_EDGE ( 'NONE', *, *, #1365, .F. ) ;
#842 = CIRCLE ( 'NONE', #1852, 4.638304088577968720 ) ;
#843 = CARTESIAN_POINT ( 'NONE',  ( 1.925929944387235853E-31, 21.50000000000000000, 0.000000000000000000 ) ) ;
#844 = DIRECTION ( 'NONE',  ( -8.471437808178905977E-17, 1.000000000000000000, -0.000000000000000000 ) ) ;
#845 = EDGE_CURVE ( 'NONE', #1163, #1238, #491, .T. ) ;
#846 = AXIS2_PLACEMENT_3D ( 'NONE', #550, #872, #82 ) ;
#847 = CARTESIAN_POINT ( 'NONE',  ( 3.863703305156267920, 20.99999999999999645, 1.035276180410079627 ) ) ;
#848 = CIRCLE ( 'NONE', #882, 4.480847955711001696 ) ;
#849 = CONICAL_SURFACE ( 'NONE', #2030, 4.480847955710995478, 0.6108652381980143042 ) ;
#850 = CARTESIAN_POINT ( 'NONE',  ( 4.480257709339648287, 3.647152872702094317, 1.200481435100867911 ) ) ;
#851 = VECTOR ( 'NONE', #1893, 1000.000000000000000 ) ;
#852 = CARTESIAN_POINT ( 'NONE',  ( 4.829629131445336121, 20.99999999999999645, -1.294095225512605030 ) ) ;
#853 = ORIENTED_EDGE ( 'NONE', *, *, #276, .T. ) ;
#854 = ADVANCED_FACE ( 'NONE', ( #740 ), #1656, .F. ) ;
#855 = CARTESIAN_POINT ( 'NONE',  ( 4.829629131445336121, 7.500000000000000000, -1.294095225512606362 ) ) ;
#856 = ORIENTED_EDGE ( 'NONE', *, *, #958, .T. ) ;
#857 = ORIENTED_EDGE ( 'NONE', *, *, #132, .T. ) ;
#858 = ADVANCED_FACE ( 'NONE', ( #861 ), #1185, .T. ) ;
#859 = CARTESIAN_POINT ( 'NONE',  ( 2.500000000000035527, -40.84852813742386246, -5.082284216461514170E-16 ) ) ;
#860 = ORIENTED_EDGE ( 'NONE', *, *, #1565, .T. ) ;
#861 = FACE_OUTER_BOUND ( 'NONE', #1283, .T. ) ;
#862 = CARTESIAN_POINT ( 'NONE',  ( 3.990437299949587752E-15, -0.2713376114685771556, 1.377168954381217745E-15 ) ) ;
#863 = ORIENTED_EDGE ( 'NONE', *, *, #212, .F. ) ;
#864 = DIRECTION ( 'NONE',  ( 0.9659258262890679791, 8.182780564721660696E-17, -0.2588190451025215166 ) ) ;
#865 = AXIS2_PLACEMENT_3D ( 'NONE', #204, #840, #664 ) ;
#866 = EDGE_LOOP ( 'NONE', ( #165, #268, #401, #503, #1514, #707, #1166, #1492, #769, #1202, #1795, #1295, #169, #725, #1517, #1909, #161, #1887 ) ) ;
#867 = ORIENTED_EDGE ( 'NONE', *, *, #678, .T. ) ;
#868 = CARTESIAN_POINT ( 'NONE',  ( -4.638304088577969608, 6.352847127297907015, 0.000000000000000000 ) ) ;
#869 = ORIENTED_EDGE ( 'NONE', *, *, #397, .F. ) ;
#870 = CARTESIAN_POINT ( 'NONE',  ( 7.737036945937164932E-15, 6.127976464994615569, -2.274218133642368454E-15 ) ) ;
#871 = FACE_OUTER_BOUND ( 'NONE', #2056, .T. ) ;
#872 = DIRECTION ( 'NONE',  ( -8.471437808178905977E-17, 1.000000000000000000, -0.000000000000000000 ) ) ;
#873 = ORIENTED_EDGE ( 'NONE', *, *, #343, .T. ) ;
#874 = DIRECTION ( 'NONE',  ( -1.224646799147352961E-16, 1.000000000000000000, -4.279844320860525334E-32 ) ) ;
#875 = VERTEX_POINT ( 'NONE', #2001 ) ;
#876 = VERTEX_POINT ( 'NONE', #561 ) ;
#877 = CIRCLE ( 'NONE', #782, 0.9999999999999970024 ) ;
#878 = FILL_AREA_STYLE_COLOUR ( '', #1353 ) ;
#879 = VERTEX_POINT ( 'NONE', #894 ) ;
#880 = VECTOR ( 'NONE', #1745, 1000.000000000000000 ) ;
#881 = DIRECTION ( 'NONE',  ( 1.000000000000000000, 7.228014483236697541E-16, 0.000000000000000000 ) ) ;
#882 = AXIS2_PLACEMENT_3D ( 'NONE', #1170, #2022, #1816 ) ;
#883 = CARTESIAN_POINT ( 'NONE',  ( -2.500000000000000444, 0.4999999999999979461, 3.061616997868382648E-16 ) ) ;
#884 = CIRCLE ( 'NONE', #758, 0.2999999999999999334 ) ;
#885 = ORIENTED_EDGE ( 'NONE', *, *, #762, .T. ) ;
#886 = AXIS2_PLACEMENT_3D ( 'NONE', #727, #531, #75 ) ;
#887 = ORIENTED_EDGE ( 'NONE', *, *, #1663, .F. ) ;
#888 = VERTEX_POINT ( 'NONE', #1536 ) ;
#889 = ADVANCED_FACE ( 'NONE', ( #1196 ), #1488, .F. ) ;
#890 = CARTESIAN_POINT ( 'NONE',  ( 6.402649576445274525E-15, 22.00000000000000000, 0.000000000000000000 ) ) ;
#891 = VERTEX_POINT ( 'NONE', #1364 ) ;
#892 = CARTESIAN_POINT ( 'NONE',  ( 4.480257709339645622, 6.352847127297907015, -1.200481435100873462 ) ) ;
#893 = DIRECTION ( 'NONE',  ( -1.000000000000000000, 0.000000000000000000, 0.000000000000000000 ) ) ;
#894 = CARTESIAN_POINT ( 'NONE',  ( 2.897777478867200163, 3.054452119972333414E-32, -0.7764571353075612192 ) ) ;
#895 = CARTESIAN_POINT ( 'NONE',  ( -4.999999999999990230, 20.99999999999999645, 0.000000000000000000 ) ) ;
#896 = EDGE_LOOP ( 'NONE', ( #1995, #1747, #788, #1358, #2025, #1880 ) ) ;
#897 = EDGE_CURVE ( 'NONE', #1493, #558, #649, .T. ) ;
#898 = ORIENTED_EDGE ( 'NONE', *, *, #276, .F. ) ;
#899 = ORIENTED_EDGE ( 'NONE', *, *, #1496, .F. ) ;
#900 = AXIS2_PLACEMENT_3D ( 'NONE', #626, #305, #1704 ) ;
#901 = CARTESIAN_POINT ( 'NONE',  ( 2.750000000000001776, 2.000000000000002665, 0.000000000000000000 ) ) ;
#902 = ORIENTED_EDGE ( 'NONE', *, *, #1129, .T. ) ;
#903 = CARTESIAN_POINT ( 'NONE',  ( 4.638304088577979378, 3.647152872702095650, -2.274218133642368454E-15 ) ) ;
#904 = CARTESIAN_POINT ( 'NONE',  ( 4.480257709339645622, 6.352847127297907015, 1.200481435100872574 ) ) ;
#905 = DIRECTION ( 'NONE',  ( -0.2588190451025214611, -3.169619151431774186E-17, -0.9659258262890680902 ) ) ;
#906 = PRODUCT_CONTEXT ( 'NONE', #819, 'mechanical' ) ;
#907 = EDGE_LOOP ( 'NONE', ( #952, #1401, #1870, #710 ) ) ;
#908 = EDGE_LOOP ( 'NONE', ( #757, #431, #1592, #1643 ) ) ;
#909 = CARTESIAN_POINT ( 'NONE',  ( 3.665263370754607290E-16, 19.99999999999999645, 0.000000000000000000 ) ) ;
#910 = VECTOR ( 'NONE', #790, 1000.000000000000000 ) ;
#911 = ORIENTED_EDGE ( 'NONE', *, *, #324, .F. ) ;
#912 = EDGE_CURVE ( 'NONE', #1541, #414, #1389, .T. ) ;
#913 = LINE ( 'NONE', #449, #851 ) ;
#914 = AXIS2_PLACEMENT_3D ( 'NONE', #159, #2035, #145 ) ;
#915 = EDGE_CURVE ( 'NONE', #686, #888, #1645, .T. ) ;
#916 = AXIS2_PLACEMENT_3D ( 'NONE', #2021, #580, #1448 ) ;
#917 = SURFACE_STYLE_USAGE ( .BOTH. , #1575 ) ;
#918 = FILL_AREA_STYLE ('',( #764 ) ) ;
#919 = AXIS2_PLACEMENT_3D ( 'NONE', #1935, #1616, #1 ) ;
#920 = CARTESIAN_POINT ( 'NONE',  ( 8.242568262418292216E-15, 2.000000000000001776, -2.274218133642368454E-15 ) ) ;
#921 = ORIENTED_EDGE ( 'NONE', *, *, #1421, .T. ) ;
#922 = ADVANCED_FACE ( 'NONE', ( #293 ), #773, .F. ) ;
#923 = AXIS2_PLACEMENT_3D ( 'NONE', #671, #28, #1151 ) ;
#924 = FACE_OUTER_BOUND ( 'NONE', #735, .T. ) ;
#925 = ORIENTED_EDGE ( 'NONE', *, *, #1346, .T. ) ;
#926 = ADVANCED_FACE ( 'NONE', ( #2043 ), #312, .T. ) ;
#927 = CARTESIAN_POINT ( 'NONE',  ( 2.656296022294938552, 2.000000000000001776, -0.7117523740319325887 ) ) ;
#928 = CARTESIAN_POINT ( 'NONE',  ( 2.656296022294938997, -1.478647464223305254E-17, 0.7117523740319291470 ) ) ;
#929 = CARTESIAN_POINT ( 'NONE',  ( 2.656296022294938552, 2.000000000000001776, 0.7117523740319290360 ) ) ;
#930 = VERTEX_POINT ( 'NONE', #904 ) ;
#931 = ORIENTED_EDGE ( 'NONE', *, *, #235, .T. ) ;
#932 = EDGE_CURVE ( 'NONE', #316, #1765, #586, .T. ) ;
#933 =( LENGTH_UNIT ( ) NAMED_UNIT ( * ) SI_UNIT ( .MILLI., .METRE. ) );
#934 = DIRECTION ( 'NONE',  ( -8.471437808178905977E-17, 1.000000000000000000, -0.000000000000000000 ) ) ;
#935 = ORIENTED_EDGE ( 'NONE', *, *, #459, .F. ) ;
#936 = DIRECTION ( 'NONE',  ( 0.9659258262890682012, 0.000000000000000000, -0.2588190451025215721 ) ) ;
#937 = VECTOR ( 'NONE', #11, 1000.000000000000227 ) ;
#938 = DIRECTION ( 'NONE',  ( 1.000000000000000000, 8.673617379884042375E-16, 0.000000000000000000 ) ) ;
#939 = LINE ( 'NONE', #137, #1551 ) ;
#940 = UNCERTAINTY_MEASURE_WITH_UNIT (LENGTH_MEASURE( 1.000000000000000082E-05 ), #933, 'distance_accuracy_value', 'NONE');
#941 = ORIENTED_EDGE ( 'NONE', *, *, #1923, .T. ) ;
#942 = ORIENTED_EDGE ( 'NONE', *, *, #1566, .T. ) ;
#943 = CARTESIAN_POINT ( 'NONE',  ( -2.749999999999991562, 2.000000000000000888, 3.367778697655217560E-16 ) ) ;
#944 = CARTESIAN_POINT ( 'NONE',  ( 4.153481053042988869, 4.445599971356434033, 1.112921893940836071 ) ) ;
#945 = ORIENTED_EDGE ( 'NONE', *, *, #670, .F. ) ;
#946 = DIRECTION ( 'NONE',  ( -1.000000000000000000, -8.471437808178905977E-17, 0.000000000000000000 ) ) ;
#947 = AXIS2_PLACEMENT_3D ( 'NONE', #668, #1157, #1796 ) ;
#948 = DIRECTION ( 'NONE',  ( 1.000000000000000000, 0.000000000000000000, 0.000000000000000000 ) ) ;
#949 = CARTESIAN_POINT ( 'NONE',  ( 4.829629131445337897, 7.500000000000000000, -1.294095225512605030 ) ) ;
#950 = AXIS2_PLACEMENT_3D ( 'NONE', #1500, #80, #1989 ) ;
#951 = DIRECTION ( 'NONE',  ( -1.000000000000000000, -8.471437808178904745E-17, 0.000000000000000000 ) ) ;
#952 = ORIENTED_EDGE ( 'NONE', *, *, #590, .T. ) ;
#953 = AXIS2_PLACEMENT_3D ( 'NONE', #1442, #657, #984 ) ;
#954 = CARTESIAN_POINT ( 'NONE',  ( 2.656296022294936776, 19.99999999999999645, 0.7117523740319323666 ) ) ;
#955 = EDGE_CURVE ( 'NONE', #178, #320, #1013, .T. ) ;
#956 = CARTESIAN_POINT ( 'NONE',  ( 5.119406879332053961, 4.445599971356431368, 1.371740939043361696 ) ) ;
#957 = EDGE_LOOP ( 'NONE', ( #800, #768, #2040, #1542 ) ) ;
#958 = EDGE_CURVE ( 'NONE', #255, #1991, #1084, .T. ) ;
#959 = CARTESIAN_POINT ( 'NONE',  ( 4.328166764095833230, 6.127976464994615569, 1.159728789146701855 ) ) ;
#960 = ORIENTED_EDGE ( 'NONE', *, *, #602, .T. ) ;
#961 = DIRECTION ( 'NONE',  ( -1.000000000000000000, -1.224646799147352961E-16, 5.241297648390819088E-48 ) ) ;
#962 = CARTESIAN_POINT ( 'NONE',  ( 3.289473506395998574E-15, 3.647152872702095205, 0.000000000000000000 ) ) ;
#963 = CARTESIAN_POINT ( 'NONE',  ( 7.806255641895631925E-15, 7.500000000000000000, -2.276824562219559311E-15 ) ) ;
#964 = SURFACE_SIDE_STYLE ('',( #1271 ) ) ;
#965 = CLOSED_SHELL ( 'NONE', ( #926, #1600, #1280, #982 ) ) ;
#966 = VERTEX_POINT ( 'NONE', #443 ) ;
#967 = DIRECTION ( 'NONE',  ( -1.224646799147352961E-16, 1.000000000000000000, -4.279844320860525334E-32 ) ) ;
#968 = DIRECTION ( 'NONE',  ( 0.9659258262890679791, 0.000000000000000000, 0.2588190451025215166 ) ) ;
#969 = FACE_OUTER_BOUND ( 'NONE', #603, .T. ) ;
#970 = EDGE_CURVE ( 'NONE', #320, #178, #1523, .T. ) ;
#971 = EDGE_CURVE ( 'NONE', #1981, #134, #1556, .T. ) ;
#972 = VECTOR ( 'NONE', #864, 1000.000000000000114 ) ;
#973 = DIRECTION ( 'NONE',  ( 2.443508913836402395E-16, -1.000000000000000000, -0.000000000000000000 ) ) ;
#974 = ORIENTED_EDGE ( 'NONE', *, *, #1942, .T. ) ;
#975 = AXIS2_PLACEMENT_3D ( 'NONE', #1250, #1899, #1866 ) ;
#976 = TOROIDAL_SURFACE ( 'NONE', #1117, 5.299999999999990052, 0.9999999999999965583 ) ;
#977 = CARTESIAN_POINT ( 'NONE',  ( 2.656296022294936332, 22.00000000000000000, 0.7117523740319323666 ) ) ;
#978 = EDGE_CURVE ( 'NONE', #891, #74, #1957, .T. ) ;
#979 = CARTESIAN_POINT ( 'NONE',  ( -2.749999999999993783, 2.000000000000001332, 0.000000000000000000 ) ) ;
#980 = CARTESIAN_POINT ( 'NONE',  ( 3.035766082959412415E-15, 7.500000000000000000, 0.000000000000000000 ) ) ;
#981 = AXIS2_PLACEMENT_3D ( 'NONE', #507, #829, #818 ) ;
#982 = ADVANCED_FACE ( 'NONE', ( #1872 ), #624, .T. ) ;
#983 = CIRCLE ( 'NONE', #1724, 4.999999999999992006 ) ;
#984 = DIRECTION ( 'NONE',  ( 1.000000000000000000, 2.443508913836402395E-16, 0.000000000000000000 ) ) ;
#985 = DIRECTION ( 'NONE',  ( 1.702747877192017754E-15, 1.000000000000000000, 5.530154282614844696E-16 ) ) ;
#986 = EDGE_LOOP ( 'NONE', ( #1041, #1066, #33, #792 ) ) ;
#987 = DIRECTION ( 'NONE',  ( -1.000000000000000000, -8.471437808178905977E-17, 0.000000000000000000 ) ) ;
#988 = CARTESIAN_POINT ( 'NONE',  ( -4.999999999999987566, 2.499999999999998224, 0.000000000000000000 ) ) ;
#989 = PRESENTATION_STYLE_ASSIGNMENT (( #365 ) ) ;
#990 = MANIFOLD_SOLID_BREP ( 'Revolve2[1]', #340 ) ;
#991 = CARTESIAN_POINT ( 'NONE',  ( -2.500000000000000444, 0.4999999999999979461, 3.061616997868382648E-16 ) ) ;
#992 = ADVANCED_FACE ( 'NONE', ( #1557 ), #128, .F. ) ;
#993 = LINE ( 'NONE', #32, #697 ) ;
#994 = EDGE_LOOP ( 'NONE', ( #1978, #2026, #1209, #1692 ) ) ;
#995 = AXIS2_PLACEMENT_3D ( 'NONE', #168, #805, #1300 ) ;
#996 = DIRECTION ( 'NONE',  ( -0.2588190451025211836, -3.169619151431768639E-17, 0.9659258262890682012 ) ) ;
#997 = CARTESIAN_POINT ( 'NONE',  ( 1.734723475976807883E-15, 22.00000000000000000, 0.000000000000000000 ) ) ;
#998 = ORIENTED_EDGE ( 'NONE', *, *, #1923, .F. ) ;
#999 = DIRECTION ( 'NONE',  ( -8.673617379884042375E-16, 1.000000000000000000, -0.000000000000000000 ) ) ;
#1000 = CARTESIAN_POINT ( 'NONE',  ( 2.897777478867198830, 7.500000000000000000, -0.7764571353075631066 ) ) ;
#1001 = EDGE_CURVE ( 'NONE', #315, #1541, #789, .T. ) ;
#1002 = DIRECTION ( 'NONE',  ( 0.9659258262890680902, 0.000000000000000000, 0.2588190451025215721 ) ) ;
#1003 = VECTOR ( 'NONE', #1697, 1000.000000000000114 ) ;
#1004 = DIRECTION ( 'NONE',  ( -1.000000000000000000, 0.000000000000000000, 0.000000000000000000 ) ) ;
#1005 = VERTEX_POINT ( 'NONE', #326 ) ;
#1006 = ADVANCED_FACE ( 'NONE', ( #482 ), #672, .F. ) ;
#1007 = CARTESIAN_POINT ( 'NONE',  ( 4.480257709339645622, 6.352847127297907015, -1.200481435100872574 ) ) ;
#1008 = CARTESIAN_POINT ( 'NONE',  ( -2.499999999999964473, -40.84852813742386246, 3.061616997868382648E-16 ) ) ;
#1009 = ORIENTED_EDGE ( 'NONE', *, *, #374, .T. ) ;
#1010 = MECHANICAL_DESIGN_GEOMETRIC_PRESENTATION_REPRESENTATION (  '', ( #1418 ), #582 ) ;
#1011 = FACE_OUTER_BOUND ( 'NONE', #556, .T. ) ;
#1012 = ORIENTED_EDGE ( 'NONE', *, *, #583, .T. ) ;
#1013 = CIRCLE ( 'NONE', #1686, 0.2999999999999999334 ) ;
#1014 = CARTESIAN_POINT ( 'NONE',  ( 3.863703305156267920, 22.00000000000000000, 1.035276180410083402 ) ) ;
#1015 = EDGE_CURVE ( 'NONE', #966, #229, #457, .T. ) ;
#1016 = AXIS2_PLACEMENT_3D ( 'NONE', #781, #1417, #623 ) ;
#1017 = DIRECTION ( 'NONE',  ( -1.000000000000000000, -9.349987855737187700E-17, 0.000000000000000000 ) ) ;
#1018 = MANIFOLD_SOLID_BREP ( 'Revolve2[2]', #1161 ) ;
#1019 = CARTESIAN_POINT ( 'NONE',  ( -4.299999999999990941, 22.00000000000000000, 0.000000000000000000 ) ) ;
#1020 = VERTEX_POINT ( 'NONE', #1306 ) ;
#1021 = CARTESIAN_POINT ( 'NONE',  ( 3.863703305156267476, 20.99999999999999645, -1.035276180410085178 ) ) ;
#1022 = ORIENTED_EDGE ( 'NONE', *, *, #1945, .T. ) ;
#1023 = EDGE_LOOP ( 'NONE', ( #1694, #446, #1240, #863, #675, #921 ) ) ;
#1024 = DIRECTION ( 'NONE',  ( 1.000000000000000000, 2.365532012695649175E-16, 0.000000000000000000 ) ) ;
#1025 = ORIENTED_EDGE ( 'NONE', *, *, #472, .T. ) ;
#1026 = FACE_OUTER_BOUND ( 'NONE', #1751, .T. ) ;
#1027 = DIRECTION ( 'NONE',  ( -0.2588190451025211836, -3.169619151431768023E-17, 0.9659258262890682012 ) ) ;
#1028 = CARTESIAN_POINT ( 'NONE',  ( 3.598439793776166902E-15, 0.000000000000000000, 0.000000000000000000 ) ) ;
#1029 = ORIENTED_EDGE ( 'NONE', *, *, #1284, .F. ) ;
#1030 = LINE ( 'NONE', #34, #451 ) ;
#1031 = AXIS2_PLACEMENT_3D ( 'NONE', #1908, #1713, #1917 ) ;
#1032 = ORIENTED_EDGE ( 'NONE', *, *, #1746, .F. ) ;
#1033 = ORIENTED_EDGE ( 'NONE', *, *, #726, .T. ) ;
#1034 = DIRECTION ( 'NONE',  ( -0.2588190451025215721, -3.169619151431774802E-17, 0.9659258262890680902 ) ) ;
#1035 = ORIENTED_EDGE ( 'NONE', *, *, #1593, .T. ) ;
#1036 = EDGE_CURVE ( 'NONE', #2072, #1835, #1599, .T. ) ;
#1037 = ADVANCED_FACE ( 'NONE', ( #839 ), #188, .T. ) ;
#1038 = DIRECTION ( 'NONE',  ( -1.000000000000000000, 0.000000000000000000, 0.000000000000000000 ) ) ;
#1039 = EDGE_CURVE ( 'NONE', #1854, #263, #1314, .T. ) ;
#1040 = DIRECTION ( 'NONE',  ( -8.471437808178905977E-17, 1.000000000000000000, -0.000000000000000000 ) ) ;
#1041 = ORIENTED_EDGE ( 'NONE', *, *, #1754, .F. ) ;
#1042 =( LENGTH_UNIT ( ) NAMED_UNIT ( * ) SI_UNIT ( .MILLI., .METRE. ) );
#1043 = VERTEX_POINT ( 'NONE', #1633 ) ;
#1044 = ORIENTED_EDGE ( 'NONE', *, *, #1499, .F. ) ;
#1045 = EDGE_CURVE ( 'NONE', #1683, #1705, #1928, .T. ) ;
#1046 = ORIENTED_EDGE ( 'NONE', *, *, #1427, .F. ) ;
#1047 = CIRCLE ( 'NONE', #149, 2.749999999999998668 ) ;
#1048 = FACE_OUTER_BOUND ( 'NONE', #64, .T. ) ;
#1049 = VECTOR ( 'NONE', #968, 1000.000000000000114 ) ;
#1050 = ADVANCED_FACE ( 'NONE', ( #1763 ), #323, .T. ) ;
#1051 = DIRECTION ( 'NONE',  ( -1.000000000000000000, -8.471437808178905977E-17, 0.000000000000000000 ) ) ;
#1052 = AXIS2_PLACEMENT_3D ( 'NONE', #366, #663, #810 ) ;
#1053 = CARTESIAN_POINT ( 'NONE',  ( 1.819437854058597288E-15, 20.99999999999999645, 0.000000000000000000 ) ) ;
#1054 = TOROIDAL_SURFACE ( 'NONE', #1184, 3.999999999999993339, 1.000000000000000000 ) ;
#1055 = DIRECTION ( 'NONE',  ( -1.000000000000000000, -8.471437808178905977E-17, 0.000000000000000000 ) ) ;
#1056 = ORIENTED_EDGE ( 'NONE', *, *, #1356, .T. ) ;
#1057 =( NAMED_UNIT ( * ) SI_UNIT ( $, .STERADIAN. ) SOLID_ANGLE_UNIT ( ) );
#1058 = EDGE_LOOP ( 'NONE', ( #1658, #732, #702, #1984 ) ) ;
#1059 = ORIENTED_EDGE ( 'NONE', *, *, #272, .T. ) ;
#1060 = DIRECTION ( 'NONE',  ( -1.000000000000000000, -8.471437808178904745E-17, 0.000000000000000000 ) ) ;
#1061 = ORIENTED_EDGE ( 'NONE', *, *, #1107, .T. ) ;
#1062 = CARTESIAN_POINT ( 'NONE',  ( 2.500000000000017319, -14.69999999999999396, -5.082284216461514170E-16 ) ) ;
#1063 = LINE ( 'NONE', #1122, #1248 ) ;
#1064 = FACE_OUTER_BOUND ( 'NONE', #415, .T. ) ;
#1065 = ADVANCED_FACE ( 'NONE', ( #1608 ), #1125, .T. ) ;
#1066 = ORIENTED_EDGE ( 'NONE', *, *, #195, .T. ) ;
#1067 = ORIENTED_EDGE ( 'NONE', *, *, #459, .T. ) ;
#1068 = AXIS2_PLACEMENT_3D ( 'NONE', #1620, #1635, #1294 ) ;
#1069 = CARTESIAN_POINT ( 'NONE',  ( 2.799999999999999378, 0.5000000000000025535, -4.714890176717308529E-16 ) ) ;
#1070 = VERTEX_POINT ( 'NONE', #1627 ) ;
#1071 = DIRECTION ( 'NONE',  ( 2.443508913836402395E-16, -1.000000000000000000, -0.000000000000000000 ) ) ;
#1072 = EDGE_CURVE ( 'NONE', #381, #1861, #1783, .T. ) ;
#1073 = SURFACE_STYLE_USAGE ( .BOTH. , #1548 ) ;
#1074 = ORIENTED_EDGE ( 'NONE', *, *, #1829, .F. ) ;
#1075 = VERTEX_POINT ( 'NONE', #1954 ) ;
#1076 = EDGE_CURVE ( 'NONE', #436, #1842, #1483, .T. ) ;
#1077 = CARTESIAN_POINT ( 'NONE',  ( 2.656296022294938552, 2.000000000000001776, 0.7117523740319290360 ) ) ;
#1078 = AXIS2_PLACEMENT_3D ( 'NONE', #843, #1312, #1807 ) ;
#1079 = ORIENTED_EDGE ( 'NONE', *, *, #1883, .F. ) ;
#1080 = COLOUR_RGB ( '',0.7921568627450980005, 0.8196078431372548767, 0.9333333333333333481 ) ;
#1081 = CARTESIAN_POINT ( 'NONE',  ( 4.764842381980984251E-15, 2.000000000000001776, 0.000000000000000000 ) ) ;
#1082 = AXIS2_PLACEMENT_3D ( 'NONE', #2045, #1096, #2024 ) ;
#1083 = CIRCLE ( 'NONE', #121, 4.999999999999992006 ) ;
#1084 = LINE ( 'NONE', #1249, #1150 ) ;
#1085 = PRESENTATION_STYLE_ASSIGNMENT (( #1106 ) ) ;
#1086 = STYLED_ITEM ( 'NONE', ( #1906 ), #990 ) ;
#1087 = AXIS2_PLACEMENT_3D ( 'NONE', #1081, #1071, #1241 ) ;
#1088 = DIRECTION ( 'NONE',  ( -8.471437808178905977E-17, 1.000000000000000000, -0.000000000000000000 ) ) ;
#1089 = ORIENTED_EDGE ( 'NONE', *, *, #912, .T. ) ;
#1090 = VECTOR ( 'NONE', #1348, 1000.000000000000000 ) ;
#1091 = FACE_OUTER_BOUND ( 'NONE', #458, .T. ) ;
#1092 = ORIENTED_EDGE ( 'NONE', *, *, #1521, .F. ) ;
#1093 = AXIS2_PLACEMENT_3D ( 'NONE', #1340, #562, #251 ) ;
#1094 = DIRECTION ( 'NONE',  ( 8.673617379884042375E-16, -1.000000000000000000, 0.000000000000000000 ) ) ;
#1095 = CARTESIAN_POINT ( 'NONE',  ( 3.665263370754608770E-16, 19.99999999999999645, 0.000000000000000000 ) ) ;
#1096 = DIRECTION ( 'NONE',  ( 0.000000000000000000, -0.000000000000000000, -1.000000000000000000 ) ) ;
#1097 = CARTESIAN_POINT ( 'NONE',  ( -4.480847955710998143, 6.127976464994615569, 0.000000000000000000 ) ) ;
#1098 = ORIENTED_EDGE ( 'NONE', *, *, #3, .F. ) ;
#1099 = CARTESIAN_POINT ( 'NONE',  ( 3.070660905825642649E-15, 10.27133761146855129, -1.277671661433067212E-15 ) ) ;
#1100 = DIRECTION ( 'NONE',  ( 0.000000000000000000, -0.000000000000000000, -1.000000000000000000 ) ) ;
#1101 = ORIENTED_EDGE ( 'NONE', *, *, #181, .T. ) ;
#1102 = EDGE_CURVE ( 'NONE', #392, #1330, #1848, .T. ) ;
#1103 = DIRECTION ( 'NONE',  ( -1.000000000000000000, 0.000000000000000000, 0.000000000000000000 ) ) ;
#1104 = AXIS2_PLACEMENT_3D ( 'NONE', #295, #1409, #1425 ) ;
#1105 = DIRECTION ( 'NONE',  ( 1.000000000000000000, 0.000000000000000000, 0.000000000000000000 ) ) ;
#1106 = SURFACE_STYLE_USAGE ( .BOTH. , #1564 ) ;
#1107 = EDGE_CURVE ( 'NONE', #1330, #1959, #387, .T. ) ;
#1108 = ORIENTED_EDGE ( 'NONE', *, *, #1565, .F. ) ;
#1109 = ORIENTED_EDGE ( 'NONE', *, *, #1102, .T. ) ;
#1110 = DIRECTION ( 'NONE',  ( -1.224646799147353207E-16, 1.000000000000000000, -0.000000000000000000 ) ) ;
#1111 = DIRECTION ( 'NONE',  ( -1.000000000000000000, -9.349987855737184002E-17, 0.000000000000000000 ) ) ;
#1112 = ORIENTED_EDGE ( 'NONE', *, *, #762, .F. ) ;
#1113 = EDGE_CURVE ( 'NONE', #1947, #1552, #718, .T. ) ;
#1114 = CARTESIAN_POINT ( 'NONE',  ( -2.749999999999994671, 22.00000000000000000, 0.000000000000000000 ) ) ;
#1115 = AXIS2_PLACEMENT_3D ( 'NONE', #206, #41, #1491 ) ;
#1116 = COLOUR_RGB ( '',0.7921568627450980005, 0.8196078431372548767, 0.9333333333333333481 ) ;
#1117 = AXIS2_PLACEMENT_3D ( 'NONE', #214, #1207, #533 ) ;
#1118 = LINE ( 'NONE', #959, #1839 ) ;
#1119 = ORIENTED_EDGE ( 'NONE', *, *, #741, .F. ) ;
#1120 = AXIS2_PLACEMENT_3D ( 'NONE', #1000, #546, #1676 ) ;
#1121 = CYLINDRICAL_SURFACE ( 'NONE', #1711, 4.999999999999987566 ) ;
#1122 = CARTESIAN_POINT ( 'NONE',  ( 6.038204023953057972E-15, 19.99999999999999645, -2.274218133642368849E-15 ) ) ;
#1123 = VECTOR ( 'NONE', #1914, 1000.000000000000114 ) ;
#1124 = CARTESIAN_POINT ( 'NONE',  ( 8.487497622247762512E-15, 0.000000000000000000, -2.274218133642368454E-15 ) ) ;
#1125 = PLANE ( 'NONE',  #953 ) ;
#1126 = UNCERTAINTY_MEASURE_WITH_UNIT (LENGTH_MEASURE( 1.000000000000000082E-05 ), #612, 'distance_accuracy_value', 'NONE');
#1127 = FACE_OUTER_BOUND ( 'NONE', #907, .T. ) ;
#1128 = ORIENTED_EDGE ( 'NONE', *, *, #2059, .F. ) ;
#1129 = EDGE_CURVE ( 'NONE', #229, #966, #84, .T. ) ;
#1130 = CARTESIAN_POINT ( 'NONE',  ( 8.209761741497193740E-32, 21.50000000000000000, 0.000000000000000000 ) ) ;
#1131 = CARTESIAN_POINT ( 'NONE',  ( 3.429011037612588881E-15, 2.000000000000001776, 0.000000000000000000 ) ) ;
#1132 = ADVANCED_FACE ( 'NONE', ( #1048 ), #1160, .T. ) ;
#1133 = DIRECTION ( 'NONE',  ( -8.471437808178905977E-17, 1.000000000000000000, -0.000000000000000000 ) ) ;
#1134 =( NAMED_UNIT ( * ) PLANE_ANGLE_UNIT ( ) SI_UNIT ( $, .RADIAN. ) );
#1135 = VECTOR ( 'NONE', #216, 1000.000000000000000 ) ;
#1136 = ADVANCED_FACE ( 'NONE', ( #246 ), #1756, .T. ) ;
#1137 = CYLINDRICAL_SURFACE ( 'NONE', #36, 2.750000000000000000 ) ;
#1138 = ORIENTED_EDGE ( 'NONE', *, *, #1412, .T. ) ;
#1139 = PLANE ( 'NONE',  #1581 ) ;
#1140 = EDGE_CURVE ( 'NONE', #1707, #1043, #383, .T. ) ;
#1141 = DIRECTION ( 'NONE',  ( -2.443508913836402395E-16, 1.000000000000000000, 0.000000000000000000 ) ) ;
#1142 = DIRECTION ( 'NONE',  ( -1.000000000000000000, -8.471437808178905977E-17, 0.000000000000000000 ) ) ;
#1143 = DIRECTION ( 'NONE',  ( 8.673617379884042375E-16, -1.000000000000000000, 0.000000000000000000 ) ) ;
#1144 = UNCERTAINTY_MEASURE_WITH_UNIT (LENGTH_MEASURE( 1.000000000000000082E-05 ), #2015, 'distance_accuracy_value', 'NONE');
#1145 = CARTESIAN_POINT ( 'NONE',  ( 8.181335922460924642E-15, 2.499999999999998668, -2.274218133642368454E-15 ) ) ;
#1146 = ORIENTED_EDGE ( 'NONE', *, *, #233, .F. ) ;
#1147 = VECTOR ( 'NONE', #1950, 1000.000000000000000 ) ;
#1148 = DIRECTION ( 'NONE',  ( -6.424901762877064728E-17, 1.000000000000000000, -1.606225440719266182E-17 ) ) ;
#1149 = CARTESIAN_POINT ( 'NONE',  ( 8.040850213092193991E-15, 3.647152872702095205, -2.274218133642368454E-15 ) ) ;
#1150 = VECTOR ( 'NONE', #2034, 1000.000000000000114 ) ;
#1151 = DIRECTION ( 'NONE',  ( -1.000000000000000000, -2.017120320903269619E-16, 0.000000000000000000 ) ) ;
#1152 = TOROIDAL_SURFACE ( 'NONE', #518, 2.999999999999991118, 2.000000000000000000 ) ;
#1153 = AXIS2_PLACEMENT_3D ( 'NONE', #859, #999, #210 ) ;
#1154 = DIRECTION ( 'NONE',  ( 2.443508913836402395E-16, -1.000000000000000000, -0.000000000000000000 ) ) ;
#1155 = CARTESIAN_POINT ( 'NONE',  ( 2.656296022294936332, 22.00000000000000000, -0.7117523740319323666 ) ) ;
#1156 = VERTEX_POINT ( 'NONE', #409 ) ;
#1157 = DIRECTION ( 'NONE',  ( -1.224646799147352961E-16, 1.000000000000000000, -4.279844320860525334E-32 ) ) ;
#1158 = FACE_OUTER_BOUND ( 'NONE', #1370, .T. ) ;
#1159 = CARTESIAN_POINT ( 'NONE',  ( 2.656296022294936332, 22.00000000000000000, 0.7117523740319323666 ) ) ;
#1160 = CYLINDRICAL_SURFACE ( 'NONE', #1251, 4.299999999999992717 ) ;
#1161 = CLOSED_SHELL ( 'NONE', ( #1717, #770, #611, #704 ) ) ;
#1162 = DIRECTION ( 'NONE',  ( -8.471437808178905977E-17, 1.000000000000000000, -0.000000000000000000 ) ) ;
#1163 = VERTEX_POINT ( 'NONE', #850 ) ;
#1164 = CARTESIAN_POINT ( 'NONE',  ( 3.863703305156267920, 22.00000000000000000, 1.035276180410079627 ) ) ;
#1165 = DIRECTION ( 'NONE',  ( -0.9659258262890682012, -2.773339119917619081E-32, -0.2588190451025210725 ) ) ;
#1166 = ORIENTED_EDGE ( 'NONE', *, *, #2041, .F. ) ;
#1167 = DIRECTION ( 'NONE',  ( 0.9659258262890683122, 0.000000000000000000, 0.2588190451025211836 ) ) ;
#1168 = ADVANCED_FACE ( 'NONE', ( #1813 ), #849, .T. ) ;
#1169 = CARTESIAN_POINT ( 'NONE',  ( 3.060262300338444731E-15, 6.352847127297907015, 0.000000000000000000 ) ) ;
#1170 = CARTESIAN_POINT ( 'NONE',  ( 3.270423728090135917E-15, 3.872023535005382655, 0.000000000000000000 ) ) ;
#1171 = VECTOR ( 'NONE', #2028, 1000.000000000000000 ) ;
#1172 =( NAMED_UNIT ( * ) PLANE_ANGLE_UNIT ( ) SI_UNIT ( $, .RADIAN. ) );
#1173 = VERTEX_POINT ( 'NONE', #1476 ) ;
#1174 = VECTOR ( 'NONE', #391, 1000.000000000000000 ) ;
#1175 = LINE ( 'NONE', #1821, #1174 ) ;
#1176 = COLOUR_RGB ( '',0.000000000000000000, 0.000000000000000000, 0.000000000000000000 ) ;
#1177 = ORIENTED_EDGE ( 'NONE', *, *, #1654, .F. ) ;
#1178 = ORIENTED_EDGE ( 'NONE', *, *, #641, .T. ) ;
#1179 = DIRECTION ( 'NONE',  ( -1.000000000000000000, 0.000000000000000000, 0.000000000000000000 ) ) ;
#1180 = ORIENTED_EDGE ( 'NONE', *, *, #413, .T. ) ;
#1181 = CIRCLE ( 'NONE', #287, 4.999999999999988454 ) ;
#1182 = CONICAL_SURFACE ( 'NONE', #1722, 4.638304088577971385, 0.6108652381980215207 ) ;
#1183 = DIRECTION ( 'NONE',  ( -1.000000000000000000, 0.000000000000000000, 0.000000000000000000 ) ) ;
#1184 = AXIS2_PLACEMENT_3D ( 'NONE', #345, #1614, #1298 ) ;
#1185 = CYLINDRICAL_SURFACE ( 'NONE', #950, 0.2999999999999999334 ) ;
#1186 = DIRECTION ( 'NONE',  ( -8.471437808178905977E-17, 1.000000000000000000, -0.000000000000000000 ) ) ;
#1187 = EDGE_LOOP ( 'NONE', ( #1430, #510, #1211, #1089 ) ) ;
#1188 = FACE_OUTER_BOUND ( 'NONE', #1673, .T. ) ;
#1189 = ORIENTED_EDGE ( 'NONE', *, *, #2018, .F. ) ;
#1190 = ORIENTED_EDGE ( 'NONE', *, *, #343, .F. ) ;
#1191 = EDGE_CURVE ( 'NONE', #1156, #1470, #2063, .T. ) ;
#1192 = DIRECTION ( 'NONE',  ( -1.000000000000000000, -1.734723475976812025E-16, 0.000000000000000000 ) ) ;
#1193 = ORIENTED_EDGE ( 'NONE', *, *, #517, .T. ) ;
#1194 = EDGE_CURVE ( 'NONE', #2019, #776, #1181, .T. ) ;
#1195 = DIRECTION ( 'NONE',  ( 8.673617379884042375E-16, -1.000000000000000000, 0.000000000000000000 ) ) ;
#1196 = FACE_OUTER_BOUND ( 'NONE', #597, .T. ) ;
#1197 = SURFACE_STYLE_FILL_AREA ( #721 ) ;
#1198 = ORIENTED_EDGE ( 'NONE', *, *, #1521, .T. ) ;
#1199 = EDGE_CURVE ( 'NONE', #647, #1301, #290, .T. ) ;
#1200 = CIRCLE ( 'NONE', #1539, 4.299999999999992717 ) ;
#1201 = ORIENTED_EDGE ( 'NONE', *, *, #700, .F. ) ;
#1202 = ORIENTED_EDGE ( 'NONE', *, *, #369, .F. ) ;
#1203 = ADVANCED_FACE ( 'NONE', ( #1974 ), #525, .T. ) ;
#1204 = VERTEX_POINT ( 'NONE', #1014 ) ;
#1205 = CARTESIAN_POINT ( 'NONE',  ( 4.638304088577979378, 3.647152872702095650, -2.274218133642368454E-15 ) ) ;
#1206 = CARTESIAN_POINT ( 'NONE',  ( 2.656296022294936332, 19.99999999999999645, -0.7117523740319343650 ) ) ;
#1207 = DIRECTION ( 'NONE',  ( -8.471437808178905977E-17, 1.000000000000000000, -0.000000000000000000 ) ) ;
#1208 = CARTESIAN_POINT ( 'NONE',  ( 3.079312078644307783E-15, 6.127976464994615569, 0.000000000000000000 ) ) ;
#1209 = ORIENTED_EDGE ( 'NONE', *, *, #1566, .F. ) ;
#1210 = CARTESIAN_POINT ( 'NONE',  ( 4.328166764095835006, 3.872023535005383543, -1.159728789146707628 ) ) ;
#1211 = ORIENTED_EDGE ( 'NONE', *, *, #1339, .F. ) ;
#1212 = ORIENTED_EDGE ( 'NONE', *, *, #212, .T. ) ;
#1213 = AXIS2_PLACEMENT_3D ( 'NONE', #370, #1646, #987 ) ;
#1214 =( GEOMETRIC_REPRESENTATION_CONTEXT ( 3 ) GLOBAL_UNCERTAINTY_ASSIGNED_CONTEXT ( ( #1771 ) ) GLOBAL_UNIT_ASSIGNED_CONTEXT ( ( #1042, #294, #766 ) ) REPRESENTATION_CONTEXT ( 'NONE', 'WORKASPACE' ) );
#1215 =( NAMED_UNIT ( * ) SI_UNIT ( $, .STERADIAN. ) SOLID_ANGLE_UNIT ( ) );
#1216 = VERTEX_POINT ( 'NONE', #1655 ) ;
#1217 = CIRCLE ( 'NONE', #1856, 2.000000000000000000 ) ;
#1218 = CARTESIAN_POINT ( 'NONE',  ( 4.480257709339647398, 3.647152872702094317, 1.200481435100871686 ) ) ;
#1219 = AXIS2_PLACEMENT_3D ( 'NONE', #928, #450, #1563 ) ;
#1220 = FACE_OUTER_BOUND ( 'NONE', #1636, .T. ) ;
#1221 = ADVANCED_FACE ( 'NONE', ( #92 ), #224, .F. ) ;
#1222 = APPLICATION_CONTEXT ( 'automotive_design' ) ;
#1223 = PRESENTATION_LAYER_ASSIGNMENT (  '', '', ( #754 ) ) ;
#1224 = CARTESIAN_POINT ( 'NONE',  ( -2.499999999999983125, -19.70000000000000284, 3.061616997868382155E-16 ) ) ;
#1225 = DIRECTION ( 'NONE',  ( -0.2588190451025215721, -3.169619151431774802E-17, -0.9659258262890680902 ) ) ;
#1226 = APPLICATION_PROTOCOL_DEFINITION ( 'draft international standard', 'automotive_design', 1998, #819 ) ;
#1227 = ORIENTED_EDGE ( 'NONE', *, *, #93, .T. ) ;
#1228 = ORIENTED_EDGE ( 'NONE', *, *, #440, .T. ) ;
#1229 = SURFACE_STYLE_FILL_AREA ( #592 ) ;
#1230 = ORIENTED_EDGE ( 'NONE', *, *, #31, .T. ) ;
#1231 = ADVANCED_FACE ( 'NONE', ( #1026 ), #1152, .T. ) ;
#1232 = DIRECTION ( 'NONE',  ( -8.471437808178905977E-17, 1.000000000000000000, -0.000000000000000000 ) ) ;
#1233 = CARTESIAN_POINT ( 'NONE',  ( 5.793274664123586098E-15, 22.00000000000000000, -2.274218133642369243E-15 ) ) ;
#1234 = EDGE_CURVE ( 'NONE', #1552, #1842, #1929, .T. ) ;
#1235 = CARTESIAN_POINT ( 'NONE',  ( 4.153481053042989757, 4.445599971356434033, -1.112921893940840068 ) ) ;
#1236 = CARTESIAN_POINT ( 'NONE',  ( 4.480257709339648287, 3.647152872702094317, 1.200481435100867911 ) ) ;
#1237 = ORIENTED_EDGE ( 'NONE', *, *, #374, .F. ) ;
#1238 = VERTEX_POINT ( 'NONE', #1205 ) ;
#1239 = DIRECTION ( 'NONE',  ( 2.443508913836402395E-16, -1.000000000000000000, -0.000000000000000000 ) ) ;
#1240 = ORIENTED_EDGE ( 'NONE', *, *, #700, .T. ) ;
#1241 = DIRECTION ( 'NONE',  ( 1.000000000000000000, 3.154042683594198079E-16, 0.000000000000000000 ) ) ;
#1242 = ORIENTED_EDGE ( 'NONE', *, *, #1451, .F. ) ;
#1243 = ORIENTED_EDGE ( 'NONE', *, *, #912, .F. ) ;
#1244 = CIRCLE ( 'NONE', #417, 2.750000000000001776 ) ;
#1245 = EDGE_LOOP ( 'NONE', ( #1844, #1059, #274, #377, #1847, #1999 ) ) ;
#1246 = AXIS2_PLACEMENT_3D ( 'NONE', #1693, #1712, #1357 ) ;
#1247 = CARTESIAN_POINT ( 'NONE',  ( 2.200000000000035705, -40.84852813742386246, -5.082284216461514170E-16 ) ) ;
#1248 = VECTOR ( 'NONE', #1761, 1000.000000000000000 ) ;
#1249 = CARTESIAN_POINT ( 'NONE',  ( 2.656296022294938997, -1.392556978964001114E-31, 0.7117523740319291470 ) ) ;
#1250 = CARTESIAN_POINT ( 'NONE',  ( -2.999999999999987121, 2.499999999999999556, 0.000000000000000000 ) ) ;
#1251 = AXIS2_PLACEMENT_3D ( 'NONE', #58, #1326, #260 ) ;
#1252 = CIRCLE ( 'NONE', #923, 4.299999999999988276 ) ;
#1253 = CARTESIAN_POINT ( 'NONE',  ( 4.328166764095835894, 3.872023535005383543, 1.159728789146702299 ) ) ;
#1254 = ORIENTED_EDGE ( 'NONE', *, *, #472, .F. ) ;
#1255 = AXIS2_PLACEMENT_3D ( 'NONE', #1799, #1034, #222 ) ;
#1256 = DIRECTION ( 'NONE',  ( -1.000000000000000000, -2.443508913836402395E-16, 0.000000000000000000 ) ) ;
#1257 = DIRECTION ( 'NONE',  ( -1.000000000000000000, -1.224646799147352961E-16, 0.000000000000000000 ) ) ;
#1258 = ORIENTED_EDGE ( 'NONE', *, *, #534, .T. ) ;
#1259 = CARTESIAN_POINT ( 'NONE',  ( 4.328166764095835006, 3.872023535005383543, 1.159728789146707628 ) ) ;
#1260 = ADVANCED_FACE ( 'NONE', ( #569 ), #1871, .F. ) ;
#1261 = FILL_AREA_STYLE_COLOUR ( '', #516 ) ;
#1262 = DIRECTION ( 'NONE',  ( -0.9659258262890679791, -8.182780564721660696E-17, -0.2588190451025215166 ) ) ;
#1263 = ORIENTED_EDGE ( 'NONE', *, *, #667, .T. ) ;
#1264 = ORIENTED_EDGE ( 'NONE', *, *, #1015, .T. ) ;
#1265 = CARTESIAN_POINT ( 'NONE',  ( 4.480257709339647398, 3.647152872702094317, -1.200481435100873906 ) ) ;
#1266 = CARTESIAN_POINT ( 'NONE',  ( 4.829629131445337897, 2.000000000000001776, -1.294095225512605030 ) ) ;
#1267 = ORIENTED_EDGE ( 'NONE', *, *, #1284, .T. ) ;
#1268 = ADVANCED_FACE ( 'NONE', ( #1905 ), #1398, .F. ) ;
#1269 = FACE_OUTER_BOUND ( 'NONE', #217, .T. ) ;
#1270 = VECTOR ( 'NONE', #1772, 1000.000000000000000 ) ;
#1271 = SURFACE_STYLE_FILL_AREA ( #203 ) ;
#1272 = DIRECTION ( 'NONE',  ( 0.9659258262890683122, 0.000000000000000000, 0.2588190451025211281 ) ) ;
#1273 = FACE_OUTER_BOUND ( 'NONE', #396, .T. ) ;
#1274 = VERTEX_POINT ( 'NONE', #594 ) ;
#1275 = DIRECTION ( 'NONE',  ( -1.224646799147352961E-16, 1.000000000000000000, -4.279844320860525334E-32 ) ) ;
#1276 = CARTESIAN_POINT ( 'NONE',  ( 3.469446951953614189E-15, 2.500000000000000000, 0.000000000000000000 ) ) ;
#1277 = COLOUR_RGB ( '',1.000000000000000000, 0.5490196078431373028, 0.000000000000000000 ) ;
#1278 = DIRECTION ( 'NONE',  ( -8.471437808178905977E-17, 1.000000000000000000, -0.000000000000000000 ) ) ;
#1279 = AXIS2_PLACEMENT_3D ( 'NONE', #1605, #164, #1257 ) ;
#1280 = ADVANCED_FACE ( 'NONE', ( #2051 ), #2020, .F. ) ;
#1281 = AXIS2_PLACEMENT_3D ( 'NONE', #250, #1027, #59 ) ;
#1282 = FACE_OUTER_BOUND ( 'NONE', #616, .T. ) ;
#1283 = EDGE_LOOP ( 'NONE', ( #456, #1680, #205, #1264 ) ) ;
#1284 = EDGE_CURVE ( 'NONE', #1005, #1465, #1350, .T. ) ;
#1285 =( GEOMETRIC_REPRESENTATION_CONTEXT ( 3 ) GLOBAL_UNCERTAINTY_ASSIGNED_CONTEXT ( ( #1737 ) ) GLOBAL_UNIT_ASSIGNED_CONTEXT ( ( #501, #1134, #1944 ) ) REPRESENTATION_CONTEXT ( 'NONE', 'WORKASPACE' ) );
#1286 = LINE ( 'NONE', #307, #1338 ) ;
#1287 = LINE ( 'NONE', #1297, #1049 ) ;
#1288 = VECTOR ( 'NONE', #10, 1000.000000000000000 ) ;
#1289 = CARTESIAN_POINT ( 'NONE',  ( -4.480847955710997255, 6.127976464994615569, 0.000000000000000000 ) ) ;
#1290 = ADVANCED_FACE ( 'NONE', ( #1881 ), #473, .F. ) ;
#1291 = CARTESIAN_POINT ( 'NONE',  ( 3.665263370754607290E-16, 19.99999999999999645, 0.000000000000000000 ) ) ;
#1292 = EDGE_CURVE ( 'NONE', #1341, #1379, #1524, .T. ) ;
#1293 = PRODUCT_DEFINITION_CONTEXT ( 'detailed design', #1222, 'design' ) ;
#1294 = DIRECTION ( 'NONE',  ( -1.000000000000000000, 0.000000000000000000, 0.000000000000000000 ) ) ;
#1295 = ORIENTED_EDGE ( 'NONE', *, *, #52, .F. ) ;
#1296 = CARTESIAN_POINT ( 'NONE',  ( 4.480257709339647398, 3.647152872702094317, -1.200481435100871686 ) ) ;
#1297 = CARTESIAN_POINT ( 'NONE',  ( 9.096872534569451729E-15, 0.000000000000000000, 0.000000000000000000 ) ) ;
#1298 = DIRECTION ( 'NONE',  ( -1.000000000000000000, -8.471437808178905977E-17, 0.000000000000000000 ) ) ;
#1299 = CLOSED_SHELL ( 'NONE', ( #1221, #1506, #1203, #1441, #174, #1721, #1888, #765, #1050, #737, #1136, #1268, #992, #19, #301, #1381, #1875, #540, #606, #1964, #1132, #1573, #1471, #1231, #1533, #1408, #552, #347, #1006, #1975, #1729 ) ) ;
#1300 = DIRECTION ( 'NONE',  ( -1.000000000000000000, -1.224646799147352961E-16, 1.529124439929427063E-48 ) ) ;
#1301 = VERTEX_POINT ( 'NONE', #1218 ) ;
#1302 = PLANE ( 'NONE',  #2023 ) ;
#1303 = DIRECTION ( 'NONE',  ( 1.000000000000000000, 1.224646799147352961E-16, 0.000000000000000000 ) ) ;
#1304 = EDGE_CURVE ( 'NONE', #1075, #1705, #1744, .T. ) ;
#1305 = DIRECTION ( 'NONE',  ( -1.224646799147352961E-16, 1.000000000000000000, -4.279844320860525334E-32 ) ) ;
#1306 = CARTESIAN_POINT ( 'NONE',  ( 2.656296022294938552, 2.000000000000001776, 0.7117523740319325887 ) ) ;
#1307 = AXIS2_PLACEMENT_3D ( 'NONE', #1674, #1396, #1384 ) ;
#1308 = DIRECTION ( 'NONE',  ( -8.471437808178905977E-17, 1.000000000000000000, -0.000000000000000000 ) ) ;
#1309 = ORIENTED_EDGE ( 'NONE', *, *, #495, .T. ) ;
#1310 = PRESENTATION_LAYER_ASSIGNMENT (  '', '', ( #1418 ) ) ;
#1311 = AXIS2_PLACEMENT_3D ( 'NONE', #399, #1328, #1976 ) ;
#1312 = DIRECTION ( 'NONE',  ( 2.443508913836402395E-16, -1.000000000000000000, -0.000000000000000000 ) ) ;
#1313 = CARTESIAN_POINT ( 'NONE',  ( 7.737036945937164932E-15, 6.127976464994615569, -2.274218133642368454E-15 ) ) ;
#1314 = CIRCLE ( 'NONE', #1993, 1.000000000000000222 ) ;
#1315 = CARTESIAN_POINT ( 'NONE',  ( 4.153481053042988869, 5.554400028643567744, -1.112921893940840956 ) ) ;
#1316 = AXIS2_PLACEMENT_3D ( 'NONE', #1317, #2009, #1828 ) ;
#1317 = CARTESIAN_POINT ( 'NONE',  ( -2.999999999999988010, 7.500000000000000000, 0.000000000000000000 ) ) ;
#1318 = EDGE_CURVE ( 'NONE', #1743, #1707, #622, .T. ) ;
#1319 = CIRCLE ( 'NONE', #1597, 2.000000000000000888 ) ;
#1320 = CARTESIAN_POINT ( 'NONE',  ( 8.851943174739981433E-15, 2.000000000000000000, 0.000000000000000000 ) ) ;
#1321 = ORIENTED_EDGE ( 'NONE', *, *, #978, .T. ) ;
#1322 = DIRECTION ( 'NONE',  ( -1.000000000000000000, 0.000000000000000000, 0.000000000000000000 ) ) ;
#1323 = DIRECTION ( 'NONE',  ( -8.471437808178905977E-17, 1.000000000000000000, -0.000000000000000000 ) ) ;
#1324 = EDGE_LOOP ( 'NONE', ( #1439, #1868, #856, #1067, #289, #143, #1716, #857, #1193, #1359, #1728, #66, #63, #1834, #1662, #925, #1178, #1621 ) ) ;
#1325 = CARTESIAN_POINT ( 'NONE',  ( 1.819437854058597288E-15, 20.99999999999999645, 0.000000000000000000 ) ) ;
#1326 = DIRECTION ( 'NONE',  ( -8.471437808178905977E-17, 1.000000000000000000, -0.000000000000000000 ) ) ;
#1327 = CIRCLE ( 'NONE', #1740, 2.749999999999998224 ) ;
#1328 = DIRECTION ( 'NONE',  ( -1.224646799147352961E-16, 1.000000000000000000, -4.279844320860525334E-32 ) ) ;
#1329 = PLANE ( 'NONE',  #1800 ) ;
#1330 = VERTEX_POINT ( 'NONE', #892 ) ;
#1331 = DIRECTION ( 'NONE',  ( -0.9659258262890680902, -2.157041537713704429E-32, -0.2588190451025211836 ) ) ;
#1332 = ORIENTED_EDGE ( 'NONE', *, *, #1356, .F. ) ;
#1333 = ORIENTED_EDGE ( 'NONE', *, *, #1792, .F. ) ;
#1334 = CARTESIAN_POINT ( 'NONE',  ( 2.800000000000017142, -14.69999999999999396, -4.714890176717294724E-16 ) ) ;
#1335 = ORIENTED_EDGE ( 'NONE', *, *, #1339, .T. ) ;
#1336 = DIRECTION ( 'NONE',  ( 2.443508913836402395E-16, -1.000000000000000000, -0.000000000000000000 ) ) ;
#1337 = CARTESIAN_POINT ( 'NONE',  ( 4.153481053042987980, 22.00000000000000000, 1.112921893940840068 ) ) ;
#1338 = VECTOR ( 'NONE', #26, 1000.000000000000114 ) ;
#1339 = EDGE_CURVE ( 'NONE', #1541, #1596, #1622, .T. ) ;
#1340 = CARTESIAN_POINT ( 'NONE',  ( 5.131368719056444882E-15, 0.5000000000000004441, 0.000000000000000000 ) ) ;
#1341 = VERTEX_POINT ( 'NONE', #2042 ) ;
#1342 = LINE ( 'NONE', #1503, #280 ) ;
#1343 = PRESENTATION_LAYER_ASSIGNMENT (  '', '', ( #382 ) ) ;
#1344 = EDGE_LOOP ( 'NONE', ( #1056, #744 ) ) ;
#1345 = ORIENTED_EDGE ( 'NONE', *, *, #1938, .F. ) ;
#1346 = EDGE_CURVE ( 'NONE', #1981, #198, #913, .T. ) ;
#1347 = CIRCLE ( 'NONE', #1782, 2.749999999999997335 ) ;
#1348 = DIRECTION ( 'NONE',  ( 2.443508913836402395E-16, -1.000000000000000000, -0.000000000000000000 ) ) ;
#1349 = ORIENTED_EDGE ( 'NONE', *, *, #1352, .T. ) ;
#1350 = CIRCLE ( 'NONE', #325, 2.749999999999997335 ) ;
#1351 = CARTESIAN_POINT ( 'NONE',  ( 4.328166764095833230, 6.127976464994615569, -1.159728789146707628 ) ) ;
#1352 = EDGE_CURVE ( 'NONE', #1173, #1435, #20, .T. ) ;
#1353 = COLOUR_RGB ( '',0.7921568627450980005, 0.8196078431372548767, 0.9333333333333333481 ) ;
#1354 = DIRECTION ( 'NONE',  ( 1.000000000000000000, 3.154042683594198079E-16, 0.000000000000000000 ) ) ;
#1355 = EDGE_LOOP ( 'NONE', ( #2003, #627, #428, #1529 ) ) ;
#1356 = EDGE_CURVE ( 'NONE', #1075, #1648, #884, .T. ) ;
#1357 = DIRECTION ( 'NONE',  ( 1.000000000000000000, 0.000000000000000000, 0.000000000000000000 ) ) ;
#1358 = ORIENTED_EDGE ( 'NONE', *, *, #1292, .F. ) ;
#1359 = ORIENTED_EDGE ( 'NONE', *, *, #932, .T. ) ;
#1360 = SURFACE_STYLE_FILL_AREA ( #1520 ) ;
#1361 = EDGE_LOOP ( 'NONE', ( #1119, #1931, #2005, #698 ) ) ;
#1362 = DIRECTION ( 'NONE',  ( -1.000000000000000000, 0.000000000000000000, 0.000000000000000000 ) ) ;
#1363 = DIRECTION ( 'NONE',  ( -0.2588190451025215721, -3.169619151431774802E-17, -0.9659258262890680902 ) ) ;
#1364 = CARTESIAN_POINT ( 'NONE',  ( -2.749999999999998224, 19.99999999999999645, 3.367778697655220026E-16 ) ) ;
#1365 = EDGE_CURVE ( 'NONE', #381, #1238, #112, .T. ) ;
#1366 = LINE ( 'NONE', #862, #6 ) ;
#1367 = ORIENTED_EDGE ( 'NONE', *, *, #1194, .F. ) ;
#1368 = CARTESIAN_POINT ( 'NONE',  ( 8.242568262418292216E-15, 2.000000000000001776, -2.274218133642368454E-15 ) ) ;
#1369 = AXIS2_PLACEMENT_3D ( 'NONE', #118, #1591, #615 ) ;
#1370 = EDGE_LOOP ( 'NONE', ( #123, #1809 ) ) ;
#1371 = ORIENTED_EDGE ( 'NONE', *, *, #1451, .T. ) ;
#1372 = DIRECTION ( 'NONE',  ( -0.2588190451025215721, -3.169619151431775418E-17, -0.9659258262890680902 ) ) ;
#1373 = VERTEX_POINT ( 'NONE', #927 ) ;
#1374 = ADVANCED_FACE ( 'NONE', ( #1700 ), #1182, .T. ) ;
#1375 = CARTESIAN_POINT ( 'NONE',  ( 3.270423728090135917E-15, 3.872023535005382655, 0.000000000000000000 ) ) ;
#1376 = FACE_OUTER_BOUND ( 'NONE', #896, .T. ) ;
#1377 = FACE_OUTER_BOUND ( 'NONE', #91, .T. ) ;
#1378 = DIRECTION ( 'NONE',  ( -0.5540322932223246122, 0.8191520442889909104, -0.1484525055496850043 ) ) ;
#1379 = VERTEX_POINT ( 'NONE', #1259 ) ;
#1380 = VERTEX_POINT ( 'NONE', #1405 ) ;
#1381 = ADVANCED_FACE ( 'NONE', ( #1574 ), #1485, .T. ) ;
#1382 = CIRCLE ( 'NONE', #1951, 2.000000000000000888 ) ;
#1383 = VECTOR ( 'NONE', #1378, 1000.000000000000114 ) ;
#1384 = DIRECTION ( 'NONE',  ( -1.000000000000000000, -9.349987855737187700E-17, 0.000000000000000000 ) ) ;
#1385 = EDGE_LOOP ( 'NONE', ( #567, #221, #665, #1335 ) ) ;
#1386 = AXIS2_PLACEMENT_3D ( 'NONE', #625, #1225, #752 ) ;
#1387 = DIRECTION ( 'NONE',  ( 0.5735764363510512664, -0.8191520442889881348, 3.505843224671515743E-32 ) ) ;
#1388 = AXIS2_PLACEMENT_3D ( 'NONE', #1149, #1940, #1612 ) ;
#1389 = LINE ( 'NONE', #144, #385 ) ;
#1390 = VECTOR ( 'NONE', #1387, 1000.000000000000227 ) ;
#1391 = CYLINDRICAL_SURFACE ( 'NONE', #914, 2.749999999999996891 ) ;
#1392 = SURFACE_STYLE_FILL_AREA ( #1867 ) ;
#1393 = ORIENTED_EDGE ( 'NONE', *, *, #1829, .T. ) ;
#1394 = VERTEX_POINT ( 'NONE', #102 ) ;
#1395 = EDGE_CURVE ( 'NONE', #1394, #74, #738, .T. ) ;
#1396 = DIRECTION ( 'NONE',  ( -1.224646799147352961E-16, 1.000000000000000000, -4.279844320860525334E-32 ) ) ;
#1397 = EDGE_LOOP ( 'NONE', ( #1345, #998 ) ) ;
#1398 = CYLINDRICAL_SURFACE ( 'NONE', #429, 2.749999999999997780 ) ;
#1399 = DIRECTION ( 'NONE',  ( -8.471437808178905977E-17, 1.000000000000000000, 0.000000000000000000 ) ) ;
#1400 = DIRECTION ( 'NONE',  ( 1.734723475976810053E-15, 1.000000000000000000, -4.336808689942025132E-16 ) ) ;
#1401 = ORIENTED_EDGE ( 'NONE', *, *, #1474, .T. ) ;
#1402 = VERTEX_POINT ( 'NONE', #631 ) ;
#1403 = CARTESIAN_POINT ( 'NONE',  ( 4.829629131445336121, 20.99999999999999645, 1.294095225512604586 ) ) ;
#1404 = ORIENTED_EDGE ( 'NONE', *, *, #111, .F. ) ;
#1405 = CARTESIAN_POINT ( 'NONE',  ( 4.829629131445337009, 2.000000000000000444, -1.294095225512606362 ) ) ;
#1406 = DIRECTION ( 'NONE',  ( -8.673617379884042375E-16, 1.000000000000000000, -0.000000000000000000 ) ) ;
#1407 = CARTESIAN_POINT ( 'NONE',  ( 4.153481053042988869, 4.445599971356434033, 1.112921893940836071 ) ) ;
#1408 = ADVANCED_FACE ( 'NONE', ( #1777 ), #1997, .T. ) ;
#1409 = DIRECTION ( 'NONE',  ( 0.000000000000000000, -0.000000000000000000, -1.000000000000000000 ) ) ;
#1410 = ORIENTED_EDGE ( 'NONE', *, *, #394, .F. ) ;
#1411 = DIRECTION ( 'NONE',  ( 0.9659258262890683122, 0.000000000000000000, 0.2588190451025211836 ) ) ;
#1412 = EDGE_CURVE ( 'NONE', #1842, #1274, #189, .T. ) ;
#1413 = ADVANCED_FACE ( 'NONE', ( #969 ), #460, .T. ) ;
#1414 = CARTESIAN_POINT ( 'NONE',  ( 4.829629131445337009, 2.000000000000000444, 1.294095225512600145 ) ) ;
#1415 = ORIENTED_EDGE ( 'NONE', *, *, #1733, .T. ) ;
#1416 = CIRCLE ( 'NONE', #1615, 2.749999999999996447 ) ;
#1417 = DIRECTION ( 'NONE',  ( -8.471437808178905977E-17, 1.000000000000000000, -0.000000000000000000 ) ) ;
#1418 = STYLED_ITEM ( 'NONE', ( #1691 ), #335 ) ;
#1419 = AXIS2_PLACEMENT_3D ( 'NONE', #883, #225, #1690 ) ;
#1420 = DIRECTION ( 'NONE',  ( -1.224646799147352961E-16, 1.000000000000000000, -4.279844320860525334E-32 ) ) ;
#1421 = EDGE_CURVE ( 'NONE', #879, #1502, #1431, .T. ) ;
#1422 = CARTESIAN_POINT ( 'NONE',  ( 4.480847955711005248, 3.872023535005383099, -2.274218133642368454E-15 ) ) ;
#1423 = AXIS2_PLACEMENT_3D ( 'NONE', #1095, #1701, #783 ) ;
#1424 = AXIS2_PLACEMENT_3D ( 'NONE', #173, #1305, #809 ) ;
#1425 = DIRECTION ( 'NONE',  ( -1.000000000000000000, 0.000000000000000000, 0.000000000000000000 ) ) ;
#1426 = ORIENTED_EDGE ( 'NONE', *, *, #420, .T. ) ;
#1427 = EDGE_CURVE ( 'NONE', #299, #875, #1458, .T. ) ;
#1428 = DIRECTION ( 'NONE',  ( 8.673617379884042375E-16, -1.000000000000000000, 0.000000000000000000 ) ) ;
#1429 = DIRECTION ( 'NONE',  ( -1.224646799147352961E-16, 1.000000000000000000, -4.279844320860525334E-32 ) ) ;
#1430 = ORIENTED_EDGE ( 'NONE', *, *, #186, .T. ) ;
#1431 = LINE ( 'NONE', #355, #591 ) ;
#1432 = CARTESIAN_POINT ( 'NONE',  ( -2.499999999999983125, -19.70000000000000284, 3.061616997868382155E-16 ) ) ;
#1433 = CARTESIAN_POINT ( 'NONE',  ( 4.153481053042988869, 4.445599971356434033, -1.112921893940841178 ) ) ;
#1434 = ORIENTED_EDGE ( 'NONE', *, *, #1593, .F. ) ;
#1435 = VERTEX_POINT ( 'NONE', #1450 ) ;
#1436 = ADVANCED_BREP_SHAPE_REPRESENTATION ( 'MAL223551011E3', ( #990, #1018, #1710, #335, #341, #1651, #1246 ), #1681 ) ;
#1437 = FACE_OUTER_BOUND ( 'NONE', #296, .T. ) ;
#1438 = DIRECTION ( 'NONE',  ( -0.9659258262890679791, -0.000000000000000000, 0.2588190451025215166 ) ) ;
#1439 = ORIENTED_EDGE ( 'NONE', *, *, #1788, .T. ) ;
#1440 = CARTESIAN_POINT ( 'NONE',  ( 7.569012522887247323E-15, 7.500000000000000000, -2.274218133642368849E-15 ) ) ;
#1441 = ADVANCED_FACE ( 'NONE', ( #1752 ), #720, .T. ) ;
#1442 = CARTESIAN_POINT ( 'NONE',  ( 3.665263370754608277E-16, 19.99999999999999645, 0.000000000000000000 ) ) ;
#1443 = UNCERTAINTY_MEASURE_WITH_UNIT (LENGTH_MEASURE( 1.000000000000000082E-05 ), #262, 'distance_accuracy_value', 'NONE');
#1444 = DIRECTION ( 'NONE',  ( 0.9659258262890682012, 0.000000000000000000, 0.2588190451025210170 ) ) ;
#1445 = VERTEX_POINT ( 'NONE', #1925 ) ;
#1446 = DIRECTION ( 'NONE',  ( -1.224646799147352961E-16, 1.000000000000000000, -4.279844320860525334E-32 ) ) ;
#1447 = ADVANCED_FACE ( 'NONE', ( #1467 ), #1590, .F. ) ;
#1448 = DIRECTION ( 'NONE',  ( 1.000000000000000000, 9.349987855737184002E-17, 0.000000000000000000 ) ) ;
#1449 = AXIS2_PLACEMENT_3D ( 'NONE', #171, #798, #7 ) ;
#1450 = CARTESIAN_POINT ( 'NONE',  ( 4.480257709339647398, 3.647152872702094317, -1.200481435100873906 ) ) ;
#1451 = EDGE_CURVE ( 'NONE', #1991, #424, #390, .T. ) ;
#1452 = DIRECTION ( 'NONE',  ( 0.5540322932223221697, -0.8191520442889925757, -0.1484525055496846435 ) ) ;
#1453 = VECTOR ( 'NONE', #308, 1000.000000000000000 ) ;
#1454 = VECTOR ( 'NONE', #364, 1000.000000000000000 ) ;
#1455 = AXIS2_PLACEMENT_3D ( 'NONE', #991, #346, #822 ) ;
#1456 = DIRECTION ( 'NONE',  ( 1.000000000000000000, 0.000000000000000000, 0.000000000000000000 ) ) ;
#1457 = ORIENTED_EDGE ( 'NONE', *, *, #1604, .F. ) ;
#1458 = CIRCLE ( 'NONE', #1424, 3.999999999999988898 ) ;
#1459 = FACE_OUTER_BOUND ( 'NONE', #1397, .T. ) ;
#1460 = DIRECTION ( 'NONE',  ( -8.673617379884042375E-16, 1.000000000000000000, -0.000000000000000000 ) ) ;
#1461 = VECTOR ( 'NONE', #701, 1000.000000000000000 ) ;
#1462 = LINE ( 'NONE', #1289, #1123 ) ;
#1463 = SURFACE_STYLE_USAGE ( .BOTH. , #964 ) ;
#1464 = CARTESIAN_POINT ( 'NONE',  ( 2.656296022294936332, 19.99999999999999645, 0.7117523740319290360 ) ) ;
#1465 = VERTEX_POINT ( 'NONE', #662 ) ;
#1466 = CARTESIAN_POINT ( 'NONE',  ( 3.429011037612588881E-15, 2.000000000000000000, 0.000000000000000000 ) ) ;
#1467 = FACE_OUTER_BOUND ( 'NONE', #1058, .T. ) ;
#1468 = AXIS2_PLACEMENT_3D ( 'NONE', #1831, #388, #1354 ) ;
#1469 = DIRECTION ( 'NONE',  ( -0.9659258262890680902, 0.000000000000000000, 0.2588190451025214611 ) ) ;
#1470 = VERTEX_POINT ( 'NONE', #1114 ) ;
#1471 = ADVANCED_FACE ( 'NONE', ( #184 ), #2031, .T. ) ;
#1472 = DIRECTION ( 'NONE',  ( 0.9659258262890680902, 2.465190328815661618E-32, 0.2588190451025211281 ) ) ;
#1473 = DIRECTION ( 'NONE',  ( -1.224646799147352961E-16, 1.000000000000000000, -4.279844320860525334E-32 ) ) ;
#1474 = EDGE_CURVE ( 'NONE', #86, #1552, #1462, .T. ) ;
#1475 = DIRECTION ( 'NONE',  ( -1.000000000000000000, -8.471437808178904745E-17, 0.000000000000000000 ) ) ;
#1476 = CARTESIAN_POINT ( 'NONE',  ( 4.829629131445337897, 2.499999999999999556, -1.294095225512606806 ) ) ;
#1477 = AXIS2_PLACEMENT_3D ( 'NONE', #469, #54, #1322 ) ;
#1478 = CARTESIAN_POINT ( 'NONE',  ( 9.096872534569451729E-15, 0.000000000000000000, 0.000000000000000000 ) ) ;
#1479 = ORIENTED_EDGE ( 'NONE', *, *, #329, .T. ) ;
#1480 = CIRCLE ( 'NONE', #16, 2.000000000000000000 ) ;
#1481 = CARTESIAN_POINT ( 'NONE',  ( 1.925929944387235853E-31, 21.50000000000000000, 0.000000000000000000 ) ) ;
#1482 = CARTESIAN_POINT ( 'NONE',  ( 2.656296022294935888, 22.00000000000000000, -0.7117523740319343650 ) ) ;
#1483 = CIRCLE ( 'NONE', #124, 4.999999999999991118 ) ;
#1484 = CARTESIAN_POINT ( 'NONE',  ( 2.656296022294938997, -6.921310737641628847E-32, -0.7117523740319344761 ) ) ;
#1485 = TOROIDAL_SURFACE ( 'NONE', #1016, 2.999999999999991562, 2.000000000000000000 ) ;
#1486 = DIRECTION ( 'NONE',  ( -8.471437808178905977E-17, 1.000000000000000000, -0.000000000000000000 ) ) ;
#1487 = CIRCLE ( 'NONE', #846, 4.999999999999991118 ) ;
#1488 = PLANE ( 'NONE',  #48 ) ;
#1489 = DIRECTION ( 'NONE',  ( -1.000000000000000000, 0.000000000000000000, 0.000000000000000000 ) ) ;
#1490 = ORIENTED_EDGE ( 'NONE', *, *, #3, .T. ) ;
#1491 = DIRECTION ( 'NONE',  ( 0.9659258262890679791, 0.000000000000000000, 0.2588190451025215166 ) ) ;
#1492 = ORIENTED_EDGE ( 'NONE', *, *, #1107, .F. ) ;
#1493 = VERTEX_POINT ( 'NONE', #2073 ) ;
#1494 = DIRECTION ( 'NONE',  ( -8.471437808178905977E-17, 1.000000000000000000, -0.000000000000000000 ) ) ;
#1495 = ORIENTED_EDGE ( 'NONE', *, *, #1820, .F. ) ;
#1496 = EDGE_CURVE ( 'NONE', #379, #1402, #1252, .T. ) ;
#1497 = CARTESIAN_POINT ( 'NONE',  ( 5.915739344038322035E-15, 20.99999999999999645, -2.274218133642369243E-15 ) ) ;
#1498 = VECTOR ( 'NONE', #509, 1000.000000000000000 ) ;
#1499 = EDGE_CURVE ( 'NONE', #1502, #1823, #21, .T. ) ;
#1500 = CARTESIAN_POINT ( 'NONE',  ( -2.499999999999964473, -40.84852813742386246, 3.061616997868382648E-16 ) ) ;
#1501 = DIRECTION ( 'NONE',  ( -0.5540322932223202823, -0.8191520442889939080, 0.1484525055496842272 ) ) ;
#1502 = VERTEX_POINT ( 'NONE', #801 ) ;
#1503 = CARTESIAN_POINT ( 'NONE',  ( -2.799999999999964295, -40.84852813742386246, 3.061616997868382648E-16 ) ) ;
#1504 = ORIENTED_EDGE ( 'NONE', *, *, #1634, .T. ) ;
#1505 = VERTEX_POINT ( 'NONE', #1769 ) ;
#1506 = ADVANCED_FACE ( 'NONE', ( #1269 ), #1054, .T. ) ;
#1507 = DIRECTION ( 'NONE',  ( -1.224646799147352961E-16, 1.000000000000000000, -4.279844320860525334E-32 ) ) ;
#1508 = EDGE_LOOP ( 'NONE', ( #777, #227, #734, #1560 ) ) ;
#1509 = DIRECTION ( 'NONE',  ( -1.000000000000000000, -9.349987855737184002E-17, 0.000000000000000000 ) ) ;
#1510 = EDGE_CURVE ( 'NONE', #393, #1528, #1943, .T. ) ;
#1511 = DIRECTION ( 'NONE',  ( -1.224646799147352961E-16, 1.000000000000000000, -4.279844320860525334E-32 ) ) ;
#1512 = CIRCLE ( 'NONE', #1449, 2.000000000000000888 ) ;
#1513 = DIRECTION ( 'NONE',  ( -8.471437808178905977E-17, 1.000000000000000000, -0.000000000000000000 ) ) ;
#1514 = ORIENTED_EDGE ( 'NONE', *, *, #534, .F. ) ;
#1515 = STYLED_ITEM ( 'NONE', ( #1703 ), #1436 ) ;
#1516 = VECTOR ( 'NONE', #934, 1000.000000000000000 ) ;
#1517 = ORIENTED_EDGE ( 'NONE', *, *, #402, .F. ) ;
#1518 = ORIENTED_EDGE ( 'NONE', *, *, #1194, .T. ) ;
#1519 = VECTOR ( 'NONE', #1165, 1000.000000000000227 ) ;
#1520 = FILL_AREA_STYLE ('',( #878 ) ) ;
#1521 = EDGE_CURVE ( 'NONE', #1216, #1959, #157, .T. ) ;
#1522 = ORIENTED_EDGE ( 'NONE', *, *, #521, .F. ) ;
#1523 = CIRCLE ( 'NONE', #187, 0.2999999999999999334 ) ;
#1524 = CIRCLE ( 'NONE', #820, 4.480847955711001696 ) ;
#1525 = DIRECTION ( 'NONE',  ( -8.471437808178905977E-17, 1.000000000000000000, -0.000000000000000000 ) ) ;
#1526 = AXIS2_PLACEMENT_3D ( 'NONE', #557, #243, #1024 ) ;
#1527 = FACE_OUTER_BOUND ( 'NONE', #2057, .T. ) ;
#1528 = VERTEX_POINT ( 'NONE', #1484 ) ;
#1529 = ORIENTED_EDGE ( 'NONE', *, *, #673, .T. ) ;
#1530 = ORIENTED_EDGE ( 'NONE', *, *, #1983, .F. ) ;
#1531 = CARTESIAN_POINT ( 'NONE',  ( 5.119406879332053961, 4.445599971356431368, -1.371740939043361696 ) ) ;
#1532 = ORIENTED_EDGE ( 'NONE', *, *, #25, .F. ) ;
#1533 = ADVANCED_FACE ( 'NONE', ( #1011 ), #57, .T. ) ;
#1534 = DIRECTION ( 'NONE',  ( 8.673617379884042375E-16, -1.000000000000000000, 0.000000000000000000 ) ) ;
#1535 = DIRECTION ( 'NONE',  ( 1.000000000000000000, 0.000000000000000000, 0.000000000000000000 ) ) ;
#1536 = CARTESIAN_POINT ( 'NONE',  ( 4.829629131445337897, 2.000000000000001776, 1.294095225512604586 ) ) ;
#1537 = DIRECTION ( 'NONE',  ( -0.9659258262890680902, 0.000000000000000000, 0.2588190451025215721 ) ) ;
#1538 = DIRECTION ( 'NONE',  ( -1.224646799147352961E-16, 1.000000000000000000, -4.279844320860525334E-32 ) ) ;
#1539 = AXIS2_PLACEMENT_3D ( 'NONE', #1679, #1186, #1489 ) ;
#1540 = ORIENTED_EDGE ( 'NONE', *, *, #2041, .T. ) ;
#1541 = VERTEX_POINT ( 'NONE', #1315 ) ;
#1542 = ORIENTED_EDGE ( 'NONE', *, *, #774, .T. ) ;
#1543 = DIRECTION ( 'NONE',  ( -8.673617379884042375E-16, 1.000000000000000000, -0.000000000000000000 ) ) ;
#1544 = DIRECTION ( 'NONE',  ( 8.673617379884042375E-16, -1.000000000000000000, 0.000000000000000000 ) ) ;
#1545 = ADVANCED_FACE ( 'NONE', ( #1664 ), #89, .F. ) ;
#1546 = DIRECTION ( 'NONE',  ( -8.471437808178905977E-17, 1.000000000000000000, -0.000000000000000000 ) ) ;
#1547 = TOROIDAL_SURFACE ( 'NONE', #748, 5.299999999999990052, 0.9999999999999976685 ) ;
#1548 = SURFACE_SIDE_STYLE ('',( #1392 ) ) ;
#1549 = LINE ( 'NONE', #1478, #372 ) ;
#1550 = VERTEX_POINT ( 'NONE', #395 ) ;
#1551 = VECTOR ( 'NONE', #1262, 1000.000000000000114 ) ;
#1552 = VERTEX_POINT ( 'NONE', #868 ) ;
#1553 = AXIS2_PLACEMENT_3D ( 'NONE', #499, #661, #828 ) ;
#1554 = DIRECTION ( 'NONE',  ( -1.000000000000000000, 0.000000000000000000, 0.000000000000000000 ) ) ;
#1555 = AXIS2_PLACEMENT_3D ( 'NONE', #1008, #1460, #1961 ) ;
#1556 = CIRCLE ( 'NONE', #254, 2.749999999999992450 ) ;
#1557 = FACE_OUTER_BOUND ( 'NONE', #2038, .T. ) ;
#1558 = DIRECTION ( 'NONE',  ( -1.000000000000000000, -8.673617379884060124E-17, 0.000000000000000000 ) ) ;
#1559 = ORIENTED_EDGE ( 'NONE', *, *, #670, .T. ) ;
#1560 = ORIENTED_EDGE ( 'NONE', *, *, #402, .T. ) ;
#1561 = DIRECTION ( 'NONE',  ( 1.224646799147352961E-16, -1.000000000000000000, 4.279844320860525334E-32 ) ) ;
#1562 = EDGE_CURVE ( 'NONE', #1842, #309, #524, .T. ) ;
#1563 = DIRECTION ( 'NONE',  ( -1.000000000000000000, -1.224646799147352961E-16, 0.000000000000000000 ) ) ;
#1564 = SURFACE_SIDE_STYLE ('',( #1736 ) ) ;
#1565 = EDGE_CURVE ( 'NONE', #56, #1043, #90, .T. ) ;
#1566 = EDGE_CURVE ( 'NONE', #263, #309, #983, .T. ) ;
#1567 = DIRECTION ( 'NONE',  ( -1.224646799147352961E-16, 1.000000000000000000, -4.279844320860525334E-32 ) ) ;
#1568 = ORIENTED_EDGE ( 'NONE', *, *, #494, .T. ) ;
#1569 = VECTOR ( 'NONE', #486, 1000.000000000000114 ) ;
#1570 = CARTESIAN_POINT ( 'NONE',  ( 2.897777478867199275, 7.500000000000000000, 0.7764571353075576665 ) ) ;
#1571 = CARTESIAN_POINT ( 'NONE',  ( 8.242568262418293794E-15, 2.000000000000000000, -2.274218133642368454E-15 ) ) ;
#1572 = VERTEX_POINT ( 'NONE', #1159 ) ;
#1573 = ADVANCED_FACE ( 'NONE', ( #202 ), #2066, .F. ) ;
#1574 = FACE_OUTER_BOUND ( 'NONE', #1901, .T. ) ;
#1575 = SURFACE_SIDE_STYLE ('',( #751 ) ) ;
#1576 = EDGE_CURVE ( 'NONE', #1665, #1204, #821, .T. ) ;
#1577 = CARTESIAN_POINT ( 'NONE',  ( 4.328166764095833230, 6.127976464994615569, -1.159728789146707628 ) ) ;
#1578 = CARTESIAN_POINT ( 'NONE',  ( 3.429011037612588881E-15, 2.000000000000000000, 0.000000000000000000 ) ) ;
#1579 = ORIENTED_EDGE ( 'NONE', *, *, #329, .F. ) ;
#1580 = LINE ( 'NONE', #650, #711 ) ;
#1581 = AXIS2_PLACEMENT_3D ( 'NONE', #1130, #318, #1256 ) ;
#1582 = DIRECTION ( 'NONE',  ( -8.471437808178905977E-17, 1.000000000000000000, -0.000000000000000000 ) ) ;
#1583 = ORIENTED_EDGE ( 'NONE', *, *, #845, .T. ) ;
#1584 = CARTESIAN_POINT ( 'NONE',  ( 7.806255641895631925E-15, 5.554400028643570408, -2.168404344971008868E-15 ) ) ;
#1585 = CIRCLE ( 'NONE', #975, 2.000000000000000888 ) ;
#1586 = AXIS2_PLACEMENT_3D ( 'NONE', #1668, #1511, #1017 ) ;
#1587 = CARTESIAN_POINT ( 'NONE',  ( 5.119406879332054849, 5.554400028643570408, 1.371740939043356367 ) ) ;
#1588 = CARTESIAN_POINT ( 'NONE',  ( -2.999999999999988010, -2.541431342453664891E-16, 0.000000000000000000 ) ) ;
#1589 = AXIS2_PLACEMENT_3D ( 'NONE', #634, #1143, #18 ) ;
#1590 = TOROIDAL_SURFACE ( 'NONE', #88, 5.299999999999985612, 0.9999999999999974465 ) ;
#1591 = DIRECTION ( 'NONE',  ( -0.2588190451025214611, -3.169619151431774186E-17, -0.9659258262890680902 ) ) ;
#1592 = ORIENTED_EDGE ( 'NONE', *, *, #1654, .T. ) ;
#1593 = EDGE_CURVE ( 'NONE', #1502, #1373, #681, .T. ) ;
#1594 = CARTESIAN_POINT ( 'NONE',  ( 2.500000000000017319, -14.69999999999999396, -5.082284216461514170E-16 ) ) ;
#1595 = CARTESIAN_POINT ( 'NONE',  ( 2.897777478867198830, 7.500000000000000000, -0.7764571353075624405 ) ) ;
#1596 = VERTEX_POINT ( 'NONE', #838 ) ;
#1597 = AXIS2_PLACEMENT_3D ( 'NONE', #1990, #694, #1537 ) ;
#1598 = CARTESIAN_POINT ( 'NONE',  ( 1.734723475976807094E-15, 20.99999999999999645, 0.000000000000000000 ) ) ;
#1599 = LINE ( 'NONE', #1793, #1894 ) ;
#1600 = ADVANCED_FACE ( 'NONE', ( #2006 ), #380, .T. ) ;
#1601 = CARTESIAN_POINT ( 'NONE',  ( 8.242568262418292216E-15, 2.000000000000000000, -2.274218133642368454E-15 ) ) ;
#1602 = ORIENTED_EDGE ( 'NONE', *, *, #29, .T. ) ;
#1603 = FACE_OUTER_BOUND ( 'NONE', #256, .T. ) ;
#1604 = EDGE_CURVE ( 'NONE', #558, #930, #231, .T. ) ;
#1605 = CARTESIAN_POINT ( 'NONE',  ( 8.487497622247762512E-15, 0.000000000000000000, -2.274218133642368454E-15 ) ) ;
#1606 = CIRCLE ( 'NONE', #1874, 2.749999999999997335 ) ;
#1607 = DIRECTION ( 'NONE',  ( -1.224646799147352961E-16, 1.000000000000000000, -4.279844320860525334E-32 ) ) ;
#1608 = FACE_OUTER_BOUND ( 'NONE', #588, .T. ) ;
#1609 = DIRECTION ( 'NONE',  ( 0.9659258262890680902, 0.000000000000000000, 0.2588190451025215166 ) ) ;
#1610 = ORIENTED_EDGE ( 'NONE', *, *, #1045, .F. ) ;
#1611 = CARTESIAN_POINT ( 'NONE',  ( 3.863703305156267920, 22.00000000000000000, -1.035276180410083402 ) ) ;
#1612 = DIRECTION ( 'NONE',  ( 1.000000000000000000, 9.349987855737187700E-17, 0.000000000000000000 ) ) ;
#1613 = AXIS2_PLACEMENT_3D ( 'NONE', #297, #1372, #258 ) ;
#1614 = DIRECTION ( 'NONE',  ( -8.471437808178905977E-17, 1.000000000000000000, -0.000000000000000000 ) ) ;
#1615 = AXIS2_PLACEMENT_3D ( 'NONE', #1631, #199, #1726 ) ;
#1616 = DIRECTION ( 'NONE',  ( 0.2588190451025215721, 3.169619151431774802E-17, 0.9659258262890680902 ) ) ;
#1617 = MECHANICAL_DESIGN_GEOMETRIC_PRESENTATION_REPRESENTATION (  '', ( #382 ), #814 ) ;
#1618 = AXIS2_PLACEMENT_3D ( 'NONE', #35, #1789, #1303 ) ;
#1619 = COLOUR_RGB ( '',0.2509803921568627416, 0.2509803921568627416, 0.2509803921568627416 ) ;
#1620 = CARTESIAN_POINT ( 'NONE',  ( 3.221833557002287819E-15, 4.445599971356430480, 0.000000000000000000 ) ) ;
#1621 = ORIENTED_EDGE ( 'NONE', *, *, #463, .T. ) ;
#1622 = CIRCLE ( 'NONE', #126, 4.299999999999993605 ) ;
#1623 = DIRECTION ( 'NONE',  ( 8.471437808178905977E-17, -1.000000000000000000, 0.000000000000000000 ) ) ;
#1624 = FACE_OUTER_BOUND ( 'NONE', #908, .T. ) ;
#1625 = PRESENTATION_LAYER_ASSIGNMENT (  '', '', ( #461 ) ) ;
#1626 = CARTESIAN_POINT ( 'NONE',  ( 2.750000000000000444, 19.99999999999999645, 0.000000000000000000 ) ) ;
#1627 = CARTESIAN_POINT ( 'NONE',  ( 6.647578936274746399E-15, 19.99999999999999645, 0.000000000000000000 ) ) ;
#1628 = DIRECTION ( 'NONE',  ( -1.000000000000000000, -8.673617379884053961E-17, 0.000000000000000000 ) ) ;
#1629 = ORIENTED_EDGE ( 'NONE', *, *, #1234, .F. ) ;
#1630 = EDGE_CURVE ( 'NONE', #2019, #299, #283, .T. ) ;
#1631 = CARTESIAN_POINT ( 'NONE',  ( 1.734723475976807883E-15, 22.00000000000000000, 0.000000000000000000 ) ) ;
#1632 = CYLINDRICAL_SURFACE ( 'NONE', #753, 2.749999999999996447 ) ;
#1633 = CARTESIAN_POINT ( 'NONE',  ( 2.750000000000001776, 0.5000000000000011102, 0.000000000000000000 ) ) ;
#1634 = EDGE_CURVE ( 'NONE', #888, #1675, #65, .T. ) ;
#1635 = DIRECTION ( 'NONE',  ( -8.471437808178905977E-17, 1.000000000000000000, -0.000000000000000000 ) ) ;
#1636 = EDGE_LOOP ( 'NONE', ( #1410, #130, #2014, #526 ) ) ;
#1637 = FACE_OUTER_BOUND ( 'NONE', #957, .T. ) ;
#1638 = DIRECTION ( 'NONE',  ( -0.9659258262890679791, -8.182780564721660696E-17, 0.2588190451025215166 ) ) ;
#1639 = DIRECTION ( 'NONE',  ( -8.471437808178905977E-17, 1.000000000000000000, -0.000000000000000000 ) ) ;
#1640 = DIRECTION ( 'NONE',  ( -8.471437808178905977E-17, 1.000000000000000000, -0.000000000000000000 ) ) ;
#1641 = AXIS2_PLACEMENT_3D ( 'NONE', #1594, #1428, #1741 ) ;
#1642 = DIRECTION ( 'NONE',  ( 1.000000000000000000, 7.228014483236697541E-16, 0.000000000000000000 ) ) ;
#1643 = ORIENTED_EDGE ( 'NONE', *, *, #1814, .T. ) ;
#1644 = CIRCLE ( 'NONE', #1279, 2.749999999999992895 ) ;
#1645 = CIRCLE ( 'NONE', #185, 4.999999999999991118 ) ;
#1646 = DIRECTION ( 'NONE',  ( -8.471437808178905977E-17, 1.000000000000000000, -0.000000000000000000 ) ) ;
#1647 = LINE ( 'NONE', #1466, #547 ) ;
#1648 = VERTEX_POINT ( 'NONE', #1334 ) ;
#1649 = EDGE_CURVE ( 'NONE', #747, #891, #1982, .T. ) ;
#1650 =( GEOMETRIC_REPRESENTATION_CONTEXT ( 3 ) GLOBAL_UNCERTAINTY_ASSIGNED_CONTEXT ( ( #22 ) ) GLOBAL_UNIT_ASSIGNED_CONTEXT ( ( #158, #1882, #595 ) ) REPRESENTATION_CONTEXT ( 'NONE', 'WORKASPACE' ) );
#1651 = MANIFOLD_SOLID_BREP ( 'Move Face1', #965 ) ;
#1652 = AXIS2_PLACEMENT_3D ( 'NONE', #532, #703, #1986 ) ;
#1653 = EDGE_LOOP ( 'NONE', ( #12, #147, #1033 ) ) ;
#1654 = EDGE_CURVE ( 'NONE', #1238, #1435, #609, .T. ) ;
#1655 = CARTESIAN_POINT ( 'NONE',  ( 4.829629131445336121, 7.500000000000000000, 1.294095225512600145 ) ) ;
#1656 = PLANE ( 'NONE',  #1419 ) ;
#1657 = CARTESIAN_POINT ( 'NONE',  ( 2.656296022294938997, -1.392556978964001114E-31, 0.7117523740319291470 ) ) ;
#1658 = ORIENTED_EDGE ( 'NONE', *, *, #691, .F. ) ;
#1659 = EDGE_CURVE ( 'NONE', #1505, #1216, #1382, .T. ) ;
#1660 = DIRECTION ( 'NONE',  ( 0.2588190451025214611, 3.169619151431774186E-17, 0.9659258262890680902 ) ) ;
#1661 = ORIENTED_EDGE ( 'NONE', *, *, #1630, .F. ) ;
#1662 = ORIENTED_EDGE ( 'NONE', *, *, #1897, .T. ) ;
#1663 = EDGE_CURVE ( 'NONE', #1216, #2019, #141, .T. ) ;
#1664 = FACE_OUTER_BOUND ( 'NONE', #866, .T. ) ;
#1665 = VERTEX_POINT ( 'NONE', #1403 ) ;
#1666 = DIRECTION ( 'NONE',  ( -1.000000000000000000, -8.471437808178905977E-17, 0.000000000000000000 ) ) ;
#1667 = AXIS2_PLACEMENT_3D ( 'NONE', #285, #1900, #455 ) ;
#1668 = CARTESIAN_POINT ( 'NONE',  ( 8.040850213092193991E-15, 3.647152872702095205, -2.274218133642368454E-15 ) ) ;
#1669 = CARTESIAN_POINT ( 'NONE',  ( 2.750000000000001776, -1.058929726022334897E-17, 0.000000000000000000 ) ) ;
#1670 = ORIENTED_EDGE ( 'NONE', *, *, #397, .T. ) ;
#1671 = FACE_OUTER_BOUND ( 'NONE', #756, .T. ) ;
#1672 = EDGE_LOOP ( 'NONE', ( #577, #941, #110, #497 ) ) ;
#1673 = EDGE_LOOP ( 'NONE', ( #899, #71, #1732, #252, #2069 ) ) ;
#1674 = CARTESIAN_POINT ( 'NONE',  ( 8.040850213092193991E-15, 3.647152872702095205, -2.274218133642368454E-15 ) ) ;
#1675 = VERTEX_POINT ( 'NONE', #277 ) ;
#1676 = DIRECTION ( 'NONE',  ( 0.9659258262890680902, 0.000000000000000000, -0.2588190451025214611 ) ) ;
#1677 = DIRECTION ( 'NONE',  ( 1.224646799147352961E-16, -1.000000000000000000, 4.279844320860525334E-32 ) ) ;
#1678 =( GEOMETRIC_REPRESENTATION_CONTEXT ( 3 ) GLOBAL_UNCERTAINTY_ASSIGNED_CONTEXT ( ( #940 ) ) GLOBAL_UNIT_ASSIGNED_CONTEXT ( ( #933, #2039, #267 ) ) REPRESENTATION_CONTEXT ( 'NONE', 'WORKASPACE' ) );
#1679 = CARTESIAN_POINT ( 'NONE',  ( 3.221833557002287819E-15, 4.445599971356430480, 0.000000000000000000 ) ) ;
#1680 = ORIENTED_EDGE ( 'NONE', *, *, #970, .F. ) ;
#1681 =( GEOMETRIC_REPRESENTATION_CONTEXT ( 3 ) GLOBAL_UNCERTAINTY_ASSIGNED_CONTEXT ( ( #1144 ) ) GLOBAL_UNIT_ASSIGNED_CONTEXT ( ( #2015, #1876, #1057 ) ) REPRESENTATION_CONTEXT ( 'NONE', 'WORKASPACE' ) );
#1682 = ORIENTED_EDGE ( 'NONE', *, *, #583, .F. ) ;
#1683 = VERTEX_POINT ( 'NONE', #1069 ) ;
#1684 = CONICAL_SURFACE ( 'NONE', #1388, 4.638304088577971385, 0.6108652381980215207 ) ;
#1685 = VERTEX_POINT ( 'NONE', #1077 ) ;
#1686 = AXIS2_PLACEMENT_3D ( 'NONE', #1224, #1544, #1105 ) ;
#1687 = AXIS2_PLACEMENT_3D ( 'NONE', #441, #1094, #579 ) ;
#1688 = DIRECTION ( 'NONE',  ( 0.5540322932223217256, 0.8191520442889929088, -0.1484525055496845602 ) ) ;
#1689 = CARTESIAN_POINT ( 'NONE',  ( 3.079312078644307783E-15, 6.127976464994615569, 0.000000000000000000 ) ) ;
#1690 = DIRECTION ( 'NONE',  ( 1.000000000000000000, 8.673617379884042375E-16, 0.000000000000000000 ) ) ;
#1691 = PRESENTATION_STYLE_ASSIGNMENT (( #1841 ) ) ;
#1692 = ORIENTED_EDGE ( 'NONE', *, *, #678, .F. ) ;
#1693 = CARTESIAN_POINT ( 'NONE',  ( 0.000000000000000000, 0.000000000000000000, 0.000000000000000000 ) ) ;
#1694 = ORIENTED_EDGE ( 'NONE', *, *, #1499, .T. ) ;
#1695 = ORIENTED_EDGE ( 'NONE', *, *, #304, .F. ) ;
#1696 = EDGE_CURVE ( 'NONE', #414, #2072, #877, .T. ) ;
#1697 = DIRECTION ( 'NONE',  ( 0.9659258262890679791, 0.000000000000000000, 0.2588190451025215166 ) ) ;
#1698 = ORIENTED_EDGE ( 'NONE', *, *, #1945, .F. ) ;
#1699 = PRODUCT_DEFINITION ( 'UNKNOWN', '', #248, #1293 ) ;
#1700 = FACE_OUTER_BOUND ( 'NONE', #445, .T. ) ;
#1701 = DIRECTION ( 'NONE',  ( 2.443508913836402395E-16, -1.000000000000000000, -0.000000000000000000 ) ) ;
#1702 = CLOSED_SHELL ( 'NONE', ( #617, #858, #854, #247 ) ) ;
#1703 = PRESENTATION_STYLE_ASSIGNMENT (( #1073 ) ) ;
#1704 = DIRECTION ( 'NONE',  ( -1.000000000000000000, 0.000000000000000000, 0.000000000000000000 ) ) ;
#1705 = VERTEX_POINT ( 'NONE', #2058 ) ;
#1706 = CYLINDRICAL_SURFACE ( 'NONE', #811, 2.749999999999996447 ) ;
#1707 = VERTEX_POINT ( 'NONE', #901 ) ;
#1708 = CARTESIAN_POINT ( 'NONE',  ( 8.242568262418293794E-15, 2.000000000000000888, -2.274218133642368454E-15 ) ) ;
#1709 = DIRECTION ( 'NONE',  ( -1.000000000000000000, 0.000000000000000000, 0.000000000000000000 ) ) ;
#1710 = MANIFOLD_SOLID_BREP ( 'Cut-Extrude2', #1299 ) ;
#1711 = AXIS2_PLACEMENT_3D ( 'NONE', #330, #1446, #342 ) ;
#1712 = DIRECTION ( 'NONE',  ( 0.000000000000000000, 0.000000000000000000, 1.000000000000000000 ) ) ;
#1713 = DIRECTION ( 'NONE',  ( -8.471437808178905977E-17, 1.000000000000000000, -0.000000000000000000 ) ) ;
#1714 = EDGE_LOOP ( 'NONE', ( #760, #2037, #520, #1967 ) ) ;
#1715 = PRESENTATION_LAYER_ASSIGNMENT (  '', '', ( #1515 ) ) ;
#1716 = ORIENTED_EDGE ( 'NONE', *, *, #2074, .T. ) ;
#1717 = ADVANCED_FACE ( 'NONE', ( #438 ), #1706, .T. ) ;
#1718 = CIRCLE ( 'NONE', #1755, 4.480847955710995478 ) ;
#1719 = DIRECTION ( 'NONE',  ( 1.000000000000000000, 0.000000000000000000, 0.000000000000000000 ) ) ;
#1720 = AXIS2_PLACEMENT_3D ( 'NONE', #1291, #1154, #167 ) ;
#1721 = ADVANCED_FACE ( 'NONE', ( #924 ), #1547, .F. ) ;
#1722 = AXIS2_PLACEMENT_3D ( 'NONE', #300, #1561, #771 ) ;
#1723 = CARTESIAN_POINT ( 'NONE',  ( 3.429011037612588881E-15, 2.000000000000001776, 0.000000000000000000 ) ) ;
#1724 = AXIS2_PLACEMENT_3D ( 'NONE', #1325, #1494, #1179 ) ;
#1725 = DIRECTION ( 'NONE',  ( 0.9659258262890680902, 0.000000000000000000, -0.2588190451025216277 ) ) ;
#1726 = DIRECTION ( 'NONE',  ( -1.000000000000000000, 0.000000000000000000, 0.000000000000000000 ) ) ;
#1727 = LINE ( 'NONE', #139, #408 ) ;
#1728 = ORIENTED_EDGE ( 'NONE', *, *, #233, .T. ) ;
#1729 = ADVANCED_FACE ( 'NONE', ( #1091 ), #1730, .F. ) ;
#1730 = PLANE ( 'NONE',  #1613 ) ;
#1731 = DIRECTION ( 'NONE',  ( -8.471437808178905977E-17, 1.000000000000000000, -0.000000000000000000 ) ) ;
#1732 = ORIENTED_EDGE ( 'NONE', *, *, #1949, .T. ) ;
#1733 = EDGE_CURVE ( 'NONE', #1572, #1204, #1860, .T. ) ;
#1734 = DIRECTION ( 'NONE',  ( -8.471437808178905977E-17, 1.000000000000000000, -0.000000000000000000 ) ) ;
#1735 = DIRECTION ( 'NONE',  ( 8.471437808178905977E-17, -1.000000000000000000, 0.000000000000000000 ) ) ;
#1736 = SURFACE_STYLE_FILL_AREA ( #918 ) ;
#1737 = UNCERTAINTY_MEASURE_WITH_UNIT (LENGTH_MEASURE( 1.000000000000000082E-05 ), #501, 'distance_accuracy_value', 'NONE');
#1738 = CYLINDRICAL_SURFACE ( 'NONE', #900, 4.299999999999988276 ) ;
#1739 = ORIENTED_EDGE ( 'NONE', *, *, #1001, .F. ) ;
#1740 = AXIS2_PLACEMENT_3D ( 'NONE', #1028, #1513, #1805 ) ;
#1741 = DIRECTION ( 'NONE',  ( 1.000000000000000000, 0.000000000000000000, 0.000000000000000000 ) ) ;
#1742 = LINE ( 'NONE', #620, #1453 ) ;
#1743 = VERTEX_POINT ( 'NONE', #943 ) ;
#1744 = LINE ( 'NONE', #1247, #793 ) ;
#1745 = DIRECTION ( 'NONE',  ( -8.471437808178905977E-17, 1.000000000000000000, -0.000000000000000000 ) ) ;
#1746 = EDGE_CURVE ( 'NONE', #1301, #1379, #478, .T. ) ;
#1747 = ORIENTED_EDGE ( 'NONE', *, *, #1199, .T. ) ;
#1748 = ORIENTED_EDGE ( 'NONE', *, *, #1879, .T. ) ;
#1749 = DIRECTION ( 'NONE',  ( -0.5540322932223221697, 0.8191520442889925757, -0.1484525055496846435 ) ) ;
#1750 = CARTESIAN_POINT ( 'NONE',  ( 3.665263370754608770E-16, 19.99999999999999645, 0.000000000000000000 ) ) ;
#1751 = EDGE_LOOP ( 'NONE', ( #1629, #1490, #349, #275 ) ) ;
#1752 = FACE_OUTER_BOUND ( 'NONE', #2048, .T. ) ;
#1753 = AXIS2_PLACEMENT_3D ( 'NONE', #2, #483, #1272 ) ;
#1754 = EDGE_CURVE ( 'NONE', #1648, #1075, #1812, .T. ) ;
#1755 = AXIS2_PLACEMENT_3D ( 'NONE', #1313, #816, #200 ) ;
#1756 = TOROIDAL_SURFACE ( 'NONE', #357, 2.999999999999991562, 2.000000000000000000 ) ;
#1757 = AXIS2_PLACEMENT_3D ( 'NONE', #729, #46, #1362 ) ;
#1758 = DIRECTION ( 'NONE',  ( 0.5540322932223217256, 0.8191520442889929088, 0.1484525055496843660 ) ) ;
#1759 = ORIENTED_EDGE ( 'NONE', *, *, #394, .T. ) ;
#1760 = CARTESIAN_POINT ( 'NONE',  ( -4.999999999999988454, 7.500000000000000000, 0.000000000000000000 ) ) ;
#1761 = DIRECTION ( 'NONE',  ( 1.224646799147352961E-16, -1.000000000000000000, 3.706453906107770433E-32 ) ) ;
#1762 = DIRECTION ( 'NONE',  ( -1.224646799147352961E-16, 1.000000000000000000, -4.279844320860525334E-32 ) ) ;
#1763 = FACE_OUTER_BOUND ( 'NONE', #448, .T. ) ;
#1764 = DIRECTION ( 'NONE',  ( 0.2588190451025211836, 3.169619151431768023E-17, -0.9659258262890682012 ) ) ;
#1765 = VERTEX_POINT ( 'NONE', #13 ) ;
#1766 = CARTESIAN_POINT ( 'NONE',  ( -5.299999999999986500, 5.554400028643568632, 0.000000000000000000 ) ) ;
#1767 = FACE_OUTER_BOUND ( 'NONE', #1653, .T. ) ;
#1768 = CIRCLE ( 'NONE', #601, 2.000000000000000000 ) ;
#1769 = CARTESIAN_POINT ( 'NONE',  ( 4.480257709339645622, 6.352847127297907015, 1.200481435100867467 ) ) ;
#1770 = PRESENTATION_STYLE_ASSIGNMENT (( #1463 ) ) ;
#1771 = UNCERTAINTY_MEASURE_WITH_UNIT (LENGTH_MEASURE( 1.000000000000000082E-05 ), #1042, 'distance_accuracy_value', 'NONE');
#1772 = DIRECTION ( 'NONE',  ( -8.673617379884042375E-16, 1.000000000000000000, -0.000000000000000000 ) ) ;
#1773 = VERTEX_POINT ( 'NONE', #954 ) ;
#1774 = CARTESIAN_POINT ( 'NONE',  ( -2.749999999999996003, 19.99999999999999645, 3.367778697655216574E-16 ) ) ;
#1775 = CARTESIAN_POINT ( 'NONE',  ( -2.749999999999996003, 22.00000000000000000, 0.000000000000000000 ) ) ;
#1776 = CIRCLE ( 'NONE', #1985, 0.9999999999999974465 ) ;
#1777 = FACE_OUTER_BOUND ( 'NONE', #565, .T. ) ;
#1778 = EDGE_CURVE ( 'NONE', #1528, #424, #1286, .T. ) ;
#1779 = DIRECTION ( 'NONE',  ( -8.471437808178905977E-17, 1.000000000000000000, -0.000000000000000000 ) ) ;
#1780 = AXIS2_PLACEMENT_3D ( 'NONE', #273, #905, #1725 ) ;
#1781 = ADVANCED_FACE ( 'NONE', ( #1459 ), #1139, .T. ) ;
#1782 = AXIS2_PLACEMENT_3D ( 'NONE', #719, #1162, #571 ) ;
#1783 = CIRCLE ( 'NONE', #682, 4.480847955710998143 ) ;
#1784 = DIRECTION ( 'NONE',  ( -1.224646799147352961E-16, 1.000000000000000000, -4.279844320860525334E-32 ) ) ;
#1785 = ORIENTED_EDGE ( 'NONE', *, *, #667, .F. ) ;
#1786 = AXIS2_PLACEMENT_3D ( 'NONE', #1708, #608, #2062 ) ;
#1787 = CARTESIAN_POINT ( 'NONE',  ( 2.897777478867199275, -9.110744928671921505E-32, 0.7764571353075575555 ) ) ;
#1788 = EDGE_CURVE ( 'NONE', #544, #1685, #1580, .T. ) ;
#1789 = DIRECTION ( 'NONE',  ( 1.224646799147352961E-16, -1.000000000000000000, 4.279844320860525334E-32 ) ) ;
#1790 = AXIS2_PLACEMENT_3D ( 'NONE', #1962, #1639, #1998 ) ;
#1791 = SURFACE_SIDE_STYLE ('',( #1360 ) ) ;
#1792 = EDGE_CURVE ( 'NONE', #1743, #56, #163, .T. ) ;
#1793 = CARTESIAN_POINT ( 'NONE',  ( 3.070660905825642649E-15, 10.27133761146855129, 1.277671661433067212E-15 ) ) ;
#1794 = CARTESIAN_POINT ( 'NONE',  ( 3.079312078644307783E-15, 6.127976464994615569, 0.000000000000000000 ) ) ;
#1795 = ORIENTED_EDGE ( 'NONE', *, *, #440, .F. ) ;
#1796 = DIRECTION ( 'NONE',  ( -1.000000000000000000, -9.678544625497954634E-17, 0.000000000000000000 ) ) ;
#1797 = CYLINDRICAL_SURFACE ( 'NONE', #2027, 4.999999999999991118 ) ;
#1798 = EDGE_CURVE ( 'NONE', #424, #1380, #1512, .T. ) ;
#1799 = CARTESIAN_POINT ( 'NONE',  ( 3.863703305156267476, 20.99999999999999645, 1.035276180410084512 ) ) ;
#1800 = AXIS2_PLACEMENT_3D ( 'NONE', #411, #226, #1853 ) ;
#1801 = CARTESIAN_POINT ( 'NONE',  ( 3.469446951953614189E-15, 2.000000000000000000, 0.000000000000000000 ) ) ;
#1802 = VECTOR ( 'NONE', #985, 1000.000000000000000 ) ;
#1803 = DIRECTION ( 'NONE',  ( 8.673617379884042375E-16, -1.000000000000000000, 0.000000000000000000 ) ) ;
#1804 = ADVANCED_FACE ( 'NONE', ( #1437 ), #314, .T. ) ;
#1805 = DIRECTION ( 'NONE',  ( -1.000000000000000000, -8.471437808178905977E-17, 0.000000000000000000 ) ) ;
#1806 = ORIENTED_EDGE ( 'NONE', *, *, #2074, .F. ) ;
#1807 = DIRECTION ( 'NONE',  ( 1.000000000000000000, 0.000000000000000000, 0.000000000000000000 ) ) ;
#1808 = CYLINDRICAL_SURFACE ( 'NONE', #1555, 0.2999999999999999334 ) ;
#1809 = ORIENTED_EDGE ( 'NONE', *, *, #1318, .F. ) ;
#1810 = CARTESIAN_POINT ( 'NONE',  ( 3.469446951953614189E-15, 5.554400028643569520, 0.000000000000000000 ) ) ;
#1811 = ORIENTED_EDGE ( 'NONE', *, *, #43, .T. ) ;
#1812 = CIRCLE ( 'NONE', #1641, 0.2999999999999999334 ) ;
#1813 = FACE_OUTER_BOUND ( 'NONE', #1904, .T. ) ;
#1814 = EDGE_CURVE ( 'NONE', #1435, #1861, #628, .T. ) ;
#1815 = AXIS2_PLACEMENT_3D ( 'NONE', #629, #434, #1922 ) ;
#1816 = DIRECTION ( 'NONE',  ( -1.000000000000000000, -9.678544625497947238E-17, 0.000000000000000000 ) ) ;
#1817 = CARTESIAN_POINT ( 'NONE',  ( 1.734723475976807883E-15, 22.00000000000000000, 0.000000000000000000 ) ) ;
#1818 = ORIENTED_EDGE ( 'NONE', *, *, #1576, .T. ) ;
#1819 = AXIS2_PLACEMENT_3D ( 'NONE', #105, #2012, #271 ) ;
#1820 = EDGE_CURVE ( 'NONE', #316, #876, #578, .T. ) ;
#1821 = CARTESIAN_POINT ( 'NONE',  ( 4.829629131445337897, 0.000000000000000000, 1.294095225512604586 ) ) ;
#1822 = ORIENTED_EDGE ( 'NONE', *, *, #81, .T. ) ;
#1823 = VERTEX_POINT ( 'NONE', #660 ) ;
#1824 = VECTOR ( 'NONE', #1336, 1000.000000000000000 ) ;
#1825 = CARTESIAN_POINT ( 'NONE',  ( 2.656296022294936776, 22.00000000000000000, -0.7117523740319325887 ) ) ;
#1826 = AXIS2_PLACEMENT_3D ( 'NONE', #1124, #1762, #500 ) ;
#1827 = ORIENTED_EDGE ( 'NONE', *, *, #643, .T. ) ;
#1828 = DIRECTION ( 'NONE',  ( -1.000000000000000000, 0.000000000000000000, 0.000000000000000000 ) ) ;
#1829 = EDGE_CURVE ( 'NONE', #477, #825, #1939, .T. ) ;
#1830 = CARTESIAN_POINT ( 'NONE',  ( -2.750000000000001776, 21.50000000000000000, 3.367778697655223477E-16 ) ) ;
#1831 = CARTESIAN_POINT ( 'NONE',  ( 4.764842381980984251E-15, 2.000000000000001776, 0.000000000000000000 ) ) ;
#1832 = ORIENTED_EDGE ( 'NONE', *, *, #1938, .T. ) ;
#1833 = CARTESIAN_POINT ( 'NONE',  ( 2.897777478867200163, 2.000000000000000444, 0.7764571353075577775 ) ) ;
#1834 = ORIENTED_EDGE ( 'NONE', *, *, #1630, .T. ) ;
#1835 = VERTEX_POINT ( 'NONE', #1296 ) ;
#1836 = CARTESIAN_POINT ( 'NONE',  ( 4.829629131445337897, 0.000000000000000000, 1.294095225512604586 ) ) ;
#1837 = ORIENTED_EDGE ( 'NONE', *, *, #897, .T. ) ;
#1838 = CARTESIAN_POINT ( 'NONE',  ( 2.749999999999996891, 19.99999999999999645, 0.000000000000000000 ) ) ;
#1839 = VECTOR ( 'NONE', #1758, 1000.000000000000227 ) ;
#1840 = CARTESIAN_POINT ( 'NONE',  ( 3.863703305156267920, 22.00000000000000000, 1.035276180410079627 ) ) ;
#1841 = SURFACE_STYLE_USAGE ( .BOTH. , #106 ) ;
#1842 = VERTEX_POINT ( 'NONE', #1760 ) ;
#1843 = SHAPE_DEFINITION_REPRESENTATION ( #162, #1436 ) ;
#1844 = ORIENTED_EDGE ( 'NONE', *, *, #632, .T. ) ;
#1845 = ORIENTED_EDGE ( 'NONE', *, *, #1604, .T. ) ;
#1846 = SURFACE_STYLE_USAGE ( .BOTH. , #576 ) ;
#1847 = ORIENTED_EDGE ( 'NONE', *, *, #1191, .F. ) ;
#1848 = LINE ( 'NONE', #1351, #1862 ) ;
#1849 = DIRECTION ( 'NONE',  ( -1.000000000000000000, 0.000000000000000000, 0.000000000000000000 ) ) ;
#1850 = ADVANCED_FACE ( 'NONE', ( #489 ), #1121, .T. ) ;
#1851 = DIRECTION ( 'NONE',  ( -0.2588190451025215721, -3.169619151431774802E-17, 0.9659258262890680902 ) ) ;
#1852 = AXIS2_PLACEMENT_3D ( 'NONE', #1968, #687, #1960 ) ;
#1853 = DIRECTION ( 'NONE',  ( 1.000000000000000000, 8.673617379884042375E-16, 0.000000000000000000 ) ) ;
#1854 = VERTEX_POINT ( 'NONE', #1611 ) ;
#1855 = AXIS2_PLACEMENT_3D ( 'NONE', #1021, #1660, #228 ) ;
#1856 = AXIS2_PLACEMENT_3D ( 'NONE', #799, #1100, #893 ) ;
#1857 = EDGE_LOOP ( 'NONE', ( #1263, #1309, #223, #1074 ) ) ;
#1858 = EDGE_LOOP ( 'NONE', ( #1267, #530, #1009, #1022 ) ) ;
#1859 = CIRCLE ( 'NONE', #717, 2.000000000000000888 ) ;
#1860 = LINE ( 'NONE', #890, #1003 ) ;
#1861 = VERTEX_POINT ( 'NONE', #815 ) ;
#1862 = VECTOR ( 'NONE', #1688, 1000.000000000000000 ) ;
#1863 = AXIS2_PLACEMENT_3D ( 'NONE', #600, #135, #292 ) ;
#1864 = DIRECTION ( 'NONE',  ( -1.000000000000000000, 0.000000000000000000, 0.000000000000000000 ) ) ;
#1865 = PLANE ( 'NONE',  #1815 ) ;
#1866 = DIRECTION ( 'NONE',  ( -1.000000000000000000, 0.000000000000000000, 0.000000000000000000 ) ) ;
#1867 = FILL_AREA_STYLE ('',( #755 ) ) ;
#1868 = ORIENTED_EDGE ( 'NONE', *, *, #336, .T. ) ;
#1869 = ORIENTED_EDGE ( 'NONE', *, *, #495, .F. ) ;
#1870 = ORIENTED_EDGE ( 'NONE', *, *, #1113, .F. ) ;
#1871 = CYLINDRICAL_SURFACE ( 'NONE', #1863, 2.749999999999992450 ) ;
#1872 = FACE_OUTER_BOUND ( 'NONE', #1344, .T. ) ;
#1873 = LINE ( 'NONE', #444, #880 ) ;
#1874 = AXIS2_PLACEMENT_3D ( 'NONE', #572, #1977, #95 ) ;
#1875 = ADVANCED_FACE ( 'NONE', ( #1603 ), #827, .T. ) ;
#1876 =( NAMED_UNIT ( * ) PLANE_ANGLE_UNIT ( ) SI_UNIT ( $, .RADIAN. ) );
#1877 = CYLINDRICAL_SURFACE ( 'NONE', #1667, 2.749999999999997780 ) ;
#1878 = ORIENTED_EDGE ( 'NONE', *, *, #1140, .T. ) ;
#1879 = EDGE_CURVE ( 'NONE', #86, #1596, #1776, .T. ) ;
#1880 = ORIENTED_EDGE ( 'NONE', *, *, #1036, .T. ) ;
#1881 = FACE_OUTER_BOUND ( 'NONE', #797, .T. ) ;
#1882 =( NAMED_UNIT ( * ) PLANE_ANGLE_UNIT ( ) SI_UNIT ( $, .RADIAN. ) );
#1883 = EDGE_CURVE ( 'NONE', #1572, #1773, #505, .T. ) ;
#1884 = DIRECTION ( 'NONE',  ( 4.190908600386716035E-16, -1.000000000000000000, 1.086607633291972101E-16 ) ) ;
#1885 = AXIS2_PLACEMENT_3D ( 'NONE', #2070, #967, #961 ) ;
#1886 = EDGE_LOOP ( 'NONE', ( #76, #328, #911, #2050 ) ) ;
#1887 = ORIENTED_EDGE ( 'NONE', *, *, #1510, .F. ) ;
#1888 = ADVANCED_FACE ( 'NONE', ( #193 ), #619, .T. ) ;
#1889 = CIRCLE ( 'NONE', #384, 4.480847955711000807 ) ;
#1890 = DIRECTION ( 'NONE',  ( 0.2588190451025215721, 3.169619151431774802E-17, 0.9659258262890680902 ) ) ;
#1891 = ORIENTED_EDGE ( 'NONE', *, *, #1983, .T. ) ;
#1892 = AXIS2_PLACEMENT_3D ( 'NONE', #688, #1141, #353 ) ;
#1893 = DIRECTION ( 'NONE',  ( 2.041964808843893356E-16, -1.000000000000000000, 4.718787729118279537E-17 ) ) ;
#1894 = VECTOR ( 'NONE', #1452, 1000.000000000000114 ) ;
#1895 = AXIS2_PLACEMENT_3D ( 'NONE', #980, #514, #1142 ) ;
#1896 = DIRECTION ( 'NONE',  ( -8.471437808178905977E-17, 1.000000000000000000, -0.000000000000000000 ) ) ;
#1897 = EDGE_CURVE ( 'NONE', #299, #1981, #363, .T. ) ;
#1898 = VECTOR ( 'NONE', #690, 1000.000000000000000 ) ;
#1899 = DIRECTION ( 'NONE',  ( 0.000000000000000000, -0.000000000000000000, -1.000000000000000000 ) ) ;
#1900 = DIRECTION ( 'NONE',  ( -8.471437808178905977E-17, 1.000000000000000000, -0.000000000000000000 ) ) ;
#1901 = EDGE_LOOP ( 'NONE', ( #1254, #1212, #1670, #639 ) ) ;
#1902 = DIRECTION ( 'NONE',  ( 0.000000000000000000, -0.000000000000000000, -1.000000000000000000 ) ) ;
#1903 = LINE ( 'NONE', #2010, #183 ) ;
#1904 = EDGE_LOOP ( 'NONE', ( #240, #1146, #467, #1109 ) ) ;
#1905 = FACE_OUTER_BOUND ( 'NONE', #659, .T. ) ;
#1906 = PRESENTATION_STYLE_ASSIGNMENT (( #917 ) ) ;
#1907 = CARTESIAN_POINT ( 'NONE',  ( 4.829629131445337897, 2.000000000000000444, -1.294095225512606584 ) ) ;
#1908 = CARTESIAN_POINT ( 'NONE',  ( 3.060262300338444731E-15, 6.352847127297907015, 0.000000000000000000 ) ) ;
#1909 = ORIENTED_EDGE ( 'NONE', *, *, #1798, .F. ) ;
#1910 = CIRCLE ( 'NONE', #1104, 0.9999999999999965583 ) ;
#1911 = DIRECTION ( 'NONE',  ( -0.5540322932223245012, 0.8191520442889909104, 0.1484525055496853374 ) ) ;
#1912 = CARTESIAN_POINT ( 'NONE',  ( 2.656296022294939441, 0.000000000000000000, 0.7117523740319324776 ) ) ;
#1913 = VERTEX_POINT ( 'NONE', #696 ) ;
#1914 = DIRECTION ( 'NONE',  ( -0.5735764363510432728, 0.8191520442889937970, 0.000000000000000000 ) ) ;
#1915 = DIRECTION ( 'NONE',  ( -0.2588190451025215721, -3.169619151431774802E-17, -0.9659258262890680902 ) ) ;
#1916 = LINE ( 'NONE', #1433, #249 ) ;
#1917 = DIRECTION ( 'NONE',  ( -1.000000000000000000, 0.000000000000000000, 0.000000000000000000 ) ) ;
#1918 = ORIENTED_EDGE ( 'NONE', *, *, #1015, .F. ) ;
#1919 = VECTOR ( 'NONE', #1331, 1000.000000000000114 ) ;
#1920 = CARTESIAN_POINT ( 'NONE',  ( 4.829629131445337897, 0.000000000000000000, -1.294095225512605030 ) ) ;
#1921 = AXIS2_PLACEMENT_3D ( 'NONE', #640, #1275, #807 ) ;
#1922 = DIRECTION ( 'NONE',  ( 1.000000000000000000, 8.471437808178905977E-17, 0.000000000000000000 ) ) ;
#1923 = EDGE_CURVE ( 'NONE', #747, #1394, #1244, .T. ) ;
#1924 = MECHANICAL_DESIGN_GEOMETRIC_PRESENTATION_REPRESENTATION (  '', ( #1515 ), #1214 ) ;
#1925 = CARTESIAN_POINT ( 'NONE',  ( 4.829629131445337897, 2.499999999999999556, 1.294095225512600589 ) ) ;
#1926 = AXIS2_PLACEMENT_3D ( 'NONE', #1587, #2053, #610 ) ;
#1927 = CARTESIAN_POINT ( 'NONE',  ( 2.963081958162749324E-15, 7.500000000000000000, 0.000000000000000000 ) ) ;
#1928 = CIRCLE ( 'NONE', #1589, 0.2999999999999999334 ) ;
#1929 = CIRCLE ( 'NONE', #1316, 2.000000000000000000 ) ;
#1930 = DIRECTION ( 'NONE',  ( -0.2588190451025215721, -3.169619151431774802E-17, 0.9659258262890680902 ) ) ;
#1931 = ORIENTED_EDGE ( 'NONE', *, *, #432, .T. ) ;
#1932 = CARTESIAN_POINT ( 'NONE',  ( 1.734723475976807883E-15, 22.00000000000000000, 0.000000000000000000 ) ) ;
#1933 = FACE_OUTER_BOUND ( 'NONE', #1996, .T. ) ;
#1934 = DIRECTION ( 'NONE',  ( -1.000000000000000000, -1.224646799147352961E-16, -2.183048768531968304E-48 ) ) ;
#1935 = CARTESIAN_POINT ( 'NONE',  ( 5.119406879332053961, 5.554400028643570408, -1.371740939043361696 ) ) ;
#1936 = CARTESIAN_POINT ( 'NONE',  ( 2.800000000000035350, -40.84852813742386246, -4.714890176717308529E-16 ) ) ;
#1937 = ORIENTED_EDGE ( 'NONE', *, *, #1318, .T. ) ;
#1938 = EDGE_CURVE ( 'NONE', #1394, #747, #676, .T. ) ;
#1939 = LINE ( 'NONE', #1920, #541 ) ;
#1940 = DIRECTION ( 'NONE',  ( 1.224646799147352961E-16, -1.000000000000000000, 4.279844320860525334E-32 ) ) ;
#1941 = CIRCLE ( 'NONE', #1068, 4.299999999999992717 ) ;
#1942 = EDGE_CURVE ( 'NONE', #1505, #1330, #842, .T. ) ;
#1943 = LINE ( 'NONE', #155, #257 ) ;
#1944 =( NAMED_UNIT ( * ) SI_UNIT ( $, .STERADIAN. ) SOLID_ANGLE_UNIT ( ) );
#1945 = EDGE_CURVE ( 'NONE', #1070, #1005, #522, .T. ) ;
#1946 = LINE ( 'NONE', #1601, #937 ) ;
#1947 = VERTEX_POINT ( 'NONE', #1007 ) ;
#1948 = DIRECTION ( 'NONE',  ( -8.471437808178905977E-17, 1.000000000000000000, -0.000000000000000000 ) ) ;
#1949 = EDGE_CURVE ( 'NONE', #73, #381, #350, .T. ) ;
#1950 = DIRECTION ( 'NONE',  ( -8.471437808178905977E-17, 1.000000000000000000, -0.000000000000000000 ) ) ;
#1951 = AXIS2_PLACEMENT_3D ( 'NONE', #1570, #100, #1411 ) ;
#1952 = DIRECTION ( 'NONE',  ( -1.000000000000000000, -8.471437808178905977E-17, 0.000000000000000000 ) ) ;
#1953 = CIRCLE ( 'NONE', #1987, 4.999999999999991118 ) ;
#1954 = CARTESIAN_POINT ( 'NONE',  ( 2.200000000000017497, -14.69999999999999396, -5.082284216461514170E-16 ) ) ;
#1955 = AXIS2_PLACEMENT_3D ( 'NONE', #470, #1429, #1849 ) ;
#1956 = CIRCLE ( 'NONE', #614, 4.999999999999991118 ) ;
#1957 = CIRCLE ( 'NONE', #1423, 2.749999999999998668 ) ;
#1958 = FACE_OUTER_BOUND ( 'NONE', #2061, .T. ) ;
#1959 = VERTEX_POINT ( 'NONE', #855 ) ;
#1960 = DIRECTION ( 'NONE',  ( -1.000000000000000000, -1.869997571147438526E-16, 0.000000000000000000 ) ) ;
#1961 = DIRECTION ( 'NONE',  ( -1.000000000000000000, 0.000000000000000000, 0.000000000000000000 ) ) ;
#1962 = CARTESIAN_POINT ( 'NONE',  ( 1.734723475976807883E-15, 22.00000000000000000, 0.000000000000000000 ) ) ;
#1963 = CIRCLE ( 'NONE', #1093, 2.749999999999996447 ) ;
#1964 = ADVANCED_FACE ( 'NONE', ( #1637 ), #44, .F. ) ;
#1965 = DIRECTION ( 'NONE',  ( -8.471437808178905977E-17, 1.000000000000000000, -0.000000000000000000 ) ) ;
#1966 = CARTESIAN_POINT ( 'NONE',  ( -2.200000000000000622, 0.4999999999999981681, 3.429011037612588290E-16 ) ) ;
#1967 = ORIENTED_EDGE ( 'NONE', *, *, #1510, .T. ) ;
#1968 = CARTESIAN_POINT ( 'NONE',  ( 7.709498232255979552E-15, 6.352847127297907015, -2.274218133642368454E-15 ) ) ;
#1969 = DIRECTION ( 'NONE',  ( -1.000000000000000000, 0.000000000000000000, 0.000000000000000000 ) ) ;
#1970 = ORIENTED_EDGE ( 'NONE', *, *, #1129, .F. ) ;
#1971 = ADVANCED_FACE ( 'NONE', ( #219 ), #1302, .T. ) ;
#1972 = DIRECTION ( 'NONE',  ( -0.2588190451025211836, -3.169619151431768023E-17, 0.9659258262890682012 ) ) ;
#1973 = TOROIDAL_SURFACE ( 'NONE', #995, 2.999999999999985789, 2.000000000000002665 ) ;
#1974 = FACE_OUTER_BOUND ( 'NONE', #994, .T. ) ;
#1975 = ADVANCED_FACE ( 'NONE', ( #1671 ), #677, .F. ) ;
#1976 = DIRECTION ( 'NONE',  ( -1.000000000000000000, -1.224646799147352961E-16, 1.529124439929425240E-48 ) ) ;
#1977 = DIRECTION ( 'NONE',  ( -8.471437808178905977E-17, 1.000000000000000000, -0.000000000000000000 ) ) ;
#1978 = ORIENTED_EDGE ( 'NONE', *, *, #1076, .T. ) ;
#1979 = DIRECTION ( 'NONE',  ( 1.000000000000000000, 0.000000000000000000, 0.000000000000000000 ) ) ;
#1980 = VERTEX_POINT ( 'NONE', #537 ) ;
#1981 = VERTEX_POINT ( 'NONE', #62 ) ;
#1982 = LINE ( 'NONE', #543, #1090 ) ;
#1983 = EDGE_CURVE ( 'NONE', #1274, #1665, #1175, .T. ) ;
#1984 = ORIENTED_EDGE ( 'NONE', *, *, #369, .T. ) ;
#1985 = AXIS2_PLACEMENT_3D ( 'NONE', #1766, #1902, #180 ) ;
#1986 = DIRECTION ( 'NONE',  ( -1.000000000000000000, 0.000000000000000000, 0.000000000000000000 ) ) ;
#1987 = AXIS2_PLACEMENT_3D ( 'NONE', #1994, #1948, #554 ) ;
#1988 = VECTOR ( 'NONE', #142, 1000.000000000000000 ) ;
#1989 = DIRECTION ( 'NONE',  ( -1.000000000000000000, 0.000000000000000000, 0.000000000000000000 ) ) ;
#1990 = CARTESIAN_POINT ( 'NONE',  ( 2.897777478867198830, 2.500000000000000444, -0.7764571353075623295 ) ) ;
#1991 = VERTEX_POINT ( 'NONE', #1787 ) ;
#1992 = AXIS2_PLACEMENT_3D ( 'NONE', #236, #410, #693 ) ;
#1993 = AXIS2_PLACEMENT_3D ( 'NONE', #30, #1915, #508 ) ;
#1994 = CARTESIAN_POINT ( 'NONE',  ( 3.386653848571694376E-15, 2.499999999999998668, 0.000000000000000000 ) ) ;
#1995 = ORIENTED_EDGE ( 'NONE', *, *, #560, .T. ) ;
#1996 = EDGE_LOOP ( 'NONE', ( #339, #1230, #902, #1189 ) ) ;
#1997 = TOROIDAL_SURFACE ( 'NONE', #53, 3.999999999999993339, 1.000000000000000000 ) ;
#1998 = DIRECTION ( 'NONE',  ( -1.000000000000000000, 0.000000000000000000, 0.000000000000000000 ) ) ;
#1999 = ORIENTED_EDGE ( 'NONE', *, *, #468, .F. ) ;
#2000 = DIRECTION ( 'NONE',  ( -1.000000000000000000, 0.000000000000000000, 0.000000000000000000 ) ) ;
#2001 = CARTESIAN_POINT ( 'NONE',  ( 3.863703305156267476, 22.00000000000000000, -1.035276180410085178 ) ) ;
#2002 = CARTESIAN_POINT ( 'NONE',  ( 3.863703305156267920, 22.00000000000000000, 1.035276180410079627 ) ) ;
#2003 = ORIENTED_EDGE ( 'NONE', *, *, #726, .F. ) ;
#2004 = ORIENTED_EDGE ( 'NONE', *, *, #181, .F. ) ;
#2005 = ORIENTED_EDGE ( 'NONE', *, *, #2044, .T. ) ;
#2006 = FACE_OUTER_BOUND ( 'NONE', #9, .T. ) ;
#2007 = ORIENTED_EDGE ( 'NONE', *, *, #413, .F. ) ;
#2008 = EDGE_CURVE ( 'NONE', #776, #875, #712, .T. ) ;
#2009 = DIRECTION ( 'NONE',  ( 0.000000000000000000, -0.000000000000000000, -1.000000000000000000 ) ) ;
#2010 = CARTESIAN_POINT ( 'NONE',  ( 3.863703305156267476, 22.00000000000000000, -1.035276180410085178 ) ) ;
#2011 = AXIS2_PLACEMENT_3D ( 'NONE', #1145, #1784, #1628 ) ;
#2012 = DIRECTION ( 'NONE',  ( 0.2588190451025215721, 3.169619151431774802E-17, -0.9659258262890680902 ) ) ;
#2013 = CARTESIAN_POINT ( 'NONE',  ( 4.328166764095833230, 6.127976464994615569, -1.159728789146705630 ) ) ;
#2014 = ORIENTED_EDGE ( 'NONE', *, *, #823, .T. ) ;
#2015 =( LENGTH_UNIT ( ) NAMED_UNIT ( * ) SI_UNIT ( .MILLI., .METRE. ) );
#2016 = ORIENTED_EDGE ( 'NONE', *, *, #632, .F. ) ;
#2017 = ORIENTED_EDGE ( 'NONE', *, *, #826, .F. ) ;
#2018 = EDGE_CURVE ( 'NONE', #320, #966, #1342, .T. ) ;
#2019 = VERTEX_POINT ( 'NONE', #708 ) ;
#2020 = PLANE ( 'NONE',  #1687 ) ;
#2021 = CARTESIAN_POINT ( 'NONE',  ( 3.289473506395998574E-15, 3.647152872702095205, 0.000000000000000000 ) ) ;
#2022 = DIRECTION ( 'NONE',  ( -8.471437808178905977E-17, 1.000000000000000000, -0.000000000000000000 ) ) ;
#2023 = AXIS2_PLACEMENT_3D ( 'NONE', #1833, #996, #1472 ) ;
#2024 = DIRECTION ( 'NONE',  ( -1.000000000000000000, 0.000000000000000000, 0.000000000000000000 ) ) ;
#2025 = ORIENTED_EDGE ( 'NONE', *, *, #774, .F. ) ;
#2026 = ORIENTED_EDGE ( 'NONE', *, *, #1562, .T. ) ;
#2027 = AXIS2_PLACEMENT_3D ( 'NONE', #997, #1323, #1969 ) ;
#2028 = DIRECTION ( 'NONE',  ( -6.401731027335796095E-17, 1.000000000000000000, 1.519751078430499078E-17 ) ) ;
#2029 = ORIENTED_EDGE ( 'NONE', *, *, #643, .F. ) ;
#2030 = AXIS2_PLACEMENT_3D ( 'NONE', #870, #559, #68 ) ;
#2031 = CONICAL_SURFACE ( 'NONE', #2064, 4.480847955711000807, 0.6108652381980117507 ) ;
#2032 = CARTESIAN_POINT ( 'NONE',  ( 2.897777478867198830, 2.500000000000000444, -0.7764571353075629956 ) ) ;
#2033 = EDGE_CURVE ( 'NONE', #724, #1675, #1953, .T. ) ;
#2034 = DIRECTION ( 'NONE',  ( 0.9659258262890680902, 1.818077867501550426E-31, 0.2588190451025210170 ) ) ;
#2035 = DIRECTION ( 'NONE',  ( -8.471437808178905977E-17, 1.000000000000000000, -0.000000000000000000 ) ) ;
#2036 = ADVANCED_FACE ( 'NONE', ( #1188 ), #352, .F. ) ;
#2037 = ORIENTED_EDGE ( 'NONE', *, *, #336, .F. ) ;
#2038 = EDGE_LOOP ( 'NONE', ( #1827, #1822, #2007, #779 ) ) ;
#2039 =( NAMED_UNIT ( * ) PLANE_ANGLE_UNIT ( ) SI_UNIT ( $, .RADIAN. ) );
#2040 = ORIENTED_EDGE ( 'NONE', *, *, #1696, .T. ) ;
#2041 = EDGE_CURVE ( 'NONE', #1959, #776, #1030, .T. ) ;
#2042 = CARTESIAN_POINT ( 'NONE',  ( -4.480847955710999919, 3.872023535005381767, 0.000000000000000000 ) ) ;
#2043 = FACE_OUTER_BOUND ( 'NONE', #986, .T. ) ;
#2044 = EDGE_CURVE ( 'NONE', #1470, #1572, #1416, .T. ) ;
#2045 = CARTESIAN_POINT ( 'NONE',  ( -3.999999999999991562, 20.99999999999999645, 0.000000000000000000 ) ) ;
#2046 = CIRCLE ( 'NONE', #2011, 4.999999999999989342 ) ;
#2047 = ORIENTED_EDGE ( 'NONE', *, *, #830, .T. ) ;
#2048 = EDGE_LOOP ( 'NONE', ( #733, #813, #575, #960 ) ) ;
#2049 = CARTESIAN_POINT ( 'NONE',  ( 4.829629131445337009, 7.500000000000000000, 1.294095225512600367 ) ) ;
#2050 = ORIENTED_EDGE ( 'NONE', *, *, #1140, .F. ) ;
#2051 = FACE_OUTER_BOUND ( 'NONE', #265, .T. ) ;
#2052 = PRODUCT ( 'MAL223551011E3', 'MAL223551011E3', '', ( #906 ) ) ;
#2053 = DIRECTION ( 'NONE',  ( 0.2588190451025211836, 3.169619151431768023E-17, -0.9659258262890682012 ) ) ;
#2054 = CARTESIAN_POINT ( 'NONE',  ( 2.656296022294938108, 2.000000000000001776, -0.7117523740319343650 ) ) ;
#2055 = STYLED_ITEM ( 'NONE', ( #288 ), #1710 ) ;
#2056 = EDGE_LOOP ( 'NONE', ( #1532, #935, #1371, #107 ) ) ;
#2057 = EDGE_LOOP ( 'NONE', ( #898, #1811, #108, #593 ) ) ;
#2058 = CARTESIAN_POINT ( 'NONE',  ( 2.199999999999999734, 0.5000000000000021094, -5.082284216461514170E-16 ) ) ;
#2059 = EDGE_CURVE ( 'NONE', #1685, #393, #645, .T. ) ;
#2060 = DIRECTION ( 'NONE',  ( -0.9659258262890680902, 0.000000000000000000, 0.2588190451025215721 ) ) ;
#2061 = EDGE_LOOP ( 'NONE', ( #539, #286, #148, #1349, #1177 ) ) ;
#2062 = DIRECTION ( 'NONE',  ( -1.000000000000000000, -1.224646799147352961E-16, 0.000000000000000000 ) ) ;
#2063 = CIRCLE ( 'NONE', #17, 2.749999999999996447 ) ;
#2064 = AXIS2_PLACEMENT_3D ( 'NONE', #322, #1133, #37 ) ;
#2065 = DIRECTION ( 'NONE',  ( 8.673617379884042375E-16, -1.000000000000000000, 0.000000000000000000 ) ) ;
#2066 = TOROIDAL_SURFACE ( 'NONE', #723, 5.299999999999990052, 0.9999999999999976685 ) ;
#2067 = DIRECTION ( 'NONE',  ( -1.000000000000000000, 0.000000000000000000, 0.000000000000000000 ) ) ;
#2068 = EDGE_LOOP ( 'NONE', ( #574, #873, #1845, #1098 ) ) ;
#2069 = ORIENTED_EDGE ( 'NONE', *, *, #52, .T. ) ;
#2070 = CARTESIAN_POINT ( 'NONE',  ( 6.071532165918824830E-15, 20.99999999999999645, -2.168404344971008868E-15 ) ) ;
#2071 = DIRECTION ( 'NONE',  ( -0.9659258262890680902, 0.000000000000000000, 0.2588190451025213501 ) ) ;
#2072 = VERTEX_POINT ( 'NONE', #1210 ) ;
#2073 = CARTESIAN_POINT ( 'NONE',  ( 4.153481053042988869, 5.554400028643567744, 1.112921893940840956 ) ) ;
#2074 = EDGE_CURVE ( 'NONE', #1163, #73, #426, .T. ) ;
ENDSEC;
END-ISO-10303-21;
